id,community
3,0
1,1
293,0
10578,0
32,2
38,2
48,1
63,1
70,0
71,1
89,3
90,1
103,0
109,4
140,1
144,1
157,1
160,0
174,1
189,1
200,5
201,6
202,4
209,1
226,0
232,1
279,7
281,1
297,0
378,0
600,0
693,0
701,1
715,2
763,1
797,1
1215,1
1226,1
1236,8
1239,1
1267,9
1276,1
1311,1
1668,10
1691,11
1746,2
1755,2
1800,12
1830,2
1833,2
1913,3
2024,1
2110,2
2381,0
2497,4
2511,4
2548,1
2551,1
2559,1
2637,10
2685,1
2714,1
2828,13
2856,2
2914,14
3079,1
3080,1
3126,1
3134,1
3147,1
3209,2
3257,2
3292,2
3303,2
3320,15
3356,8
3360,1
3365,1
3404,16
3450,1
3489,1
3491,1
3495,1
3505,1
3527,0
3549,4
3561,1
3578,1
3581,1
3599,0
3614,1
3669,16
3703,1
3705,1
3720,8
3738,1
3742,4
3789,2
3845,4
3850,1
3900,8
3908,17
3914,13
3932,2
3967,8
4006,10
4010,1
4015,17
4200,1
4247,1
4257,5
4278,1
4307,1
4323,16
4355,10
4358,1
4378,1
4436,2
4513,2
4540,4
4544,2
4565,1
4648,6
4694,4
4927,1
4957,1
4963,1
5006,16
5056,2
5093,1
5097,8
5390,2
5430,15
5462,2
5511,11
5645,1
5662,1
5684,4
5691,1
5696,1
5736,1
5737,16
5779,1
5977,3
6070,1
6139,1
6172,13
6200,0
6201,13
6227,1
6245,1
6259,1
6287,1
6300,10
6301,1
6316,2
6320,1
6325,0
6349,1
6350,0
6379,1
6392,1
6402,1
6432,2
6453,11
6461,2
6467,1
6469,2
6496,14
6504,1
6536,1
6541,1
6553,2
6555,2
6566,1
6576,2
6582,16
6623,1
6652,2
6705,2
6716,2
6730,2
6866,18
6932,0
6966,1
6983,10
6989,1
6993,14
6995,0
7012,1
7018,1
7021,19
7055,4
7062,13
7128,13
7140,8
7157,1
7161,1
7170,3
7176,2
7182,1
7192,1
7193,14
7203,1
7233,8
7260,16
7263,16
7269,1
7270,1
7284,1
7318,1
7326,1
7336,17
7355,1
7364,14
7386,0
7395,1
7430,1
7473,6
7610,6
7660,4
7752,2
7753,1
7754,8
7755,1
7800,1
7820,2
7859,1
7862,1
7911,2
7922,1
7923,1
7930,2
7977,1
8001,8
8002,2
8009,1
8011,2
8015,16
8016,13
8017,0
8043,1
8070,1
8084,1
8090,1
8092,8
8112,1
8113,13
8114,1
8115,1
8120,1
8132,1
8146,1
8149,1
8153,11
8179,1
8220,2
8918,2
8938,2
8966,2
9035,9
9156,2
9942,6
10248,4
10257,1
10266,1
10273,3
10302,1
10317,0
10325,4
10355,1
10361,1
10396,1
10406,17
10419,1
10437,10
10439,8
10487,8
10506,1
10514,2
10536,1
10553,1
10558,1
10559,1
10561,1
10581,1
10615,1
10616,1
10635,1
10657,1
10663,8
10700,1
10711,1
10719,1
10725,1
10730,16
10764,0
10782,1
10794,1
10799,1
10809,1
10827,17
10839,8
10864,1
10878,16
10910,8
10911,8
10912,8
10913,8
10928,1
10934,1
10979,14
11015,1
11020,8
11024,8
11039,0
11044,2
11081,11
11086,1
11123,4
11135,2
11145,14
11146,0
11147,1
11148,1
11207,1
11246,8
11302,1
11303,1
11324,1
11337,1
11340,7
11341,2
11347,1
11354,1
11401,16
11403,1
11417,1
11420,1
11429,8
11443,4
11466,2
11499,1
11527,1
11532,1
11572,1
11573,1
11608,11
11674,4
11680,4
11689,1
11710,1
11728,1
11739,2
11817,0
11839,1
11841,4
11853,14
11854,1
11855,8
11860,1
11869,1
11901,8
11928,1
12003,14
12007,20
12009,17
12013,3
12028,1
12037,1
12042,1
12050,2
12056,1
12073,1
12076,2
12079,1
12098,1
12114,4
12134,1
12178,8
12179,1
12180,1
12181,14
12182,14
12189,1
12207,1
12228,1
12273,1
12877,2
13315,0
13361,1
13373,1
13374,1
13384,1
13407,8
13445,1
13446,1
13461,1
13471,1
13506,1
13581,1
13646,2
13661,1
13662,1
13663,1
13664,1
13665,1
13666,1
13667,1
13668,1
13669,1
13670,1
13671,1
13672,1
13674,1
13675,1
13708,1
13709,16
13716,1
13752,1
13756,1
13776,1
13789,8
13790,14
13791,14
13792,8
13806,1
13808,1
13823,1
13828,1
13832,1
13834,1
13848,1
13850,1
13865,1
13920,13
13942,1
14043,1
14045,1
14091,8
14128,1
14130,1
14144,1
14184,4
14265,1
14344,8
14395,1
14442,1
14469,1
14473,1
14500,1
14510,1
14628,17
14629,1
14630,1
14636,14
14641,1
14657,1
14669,13
14730,1
14742,1
14743,1
14744,1
14745,1
14762,1
14792,1
14794,1
14839,1
14927,1
14975,1
15109,14
15130,1
15216,1
15235,1
15345,1
15679,1
16400,1
16422,7
16499,21
16507,1
16524,1
16548,1
16559,1
16567,1
16625,1
16702,1
16724,1
16752,1
16765,1
16779,2
16783,1
16787,1
16798,1
16801,1
16831,1
16854,1
16855,1
16858,1
16895,16
16919,1
16924,1
16945,14
16994,1
17159,8
17170,1
17189,1
17343,1
18468,1
18473,1
18509,1
18511,1
18598,1
18599,1
18603,1
18634,1
18700,1
18719,1
18743,1
18760,4
18772,1
18774,1
18805,1
18832,1
18925,1
18961,1
18973,14
18982,16
19001,17
19023,1
19024,14
19074,1
19099,1
19103,1
19198,1
19230,1
19236,1
19249,1
19257,14
19262,1
19265,1
19277,8
19288,1
19289,14
19300,1
19436,8
19456,0
19518,1
19543,1
19557,8
19558,8
19563,1
19605,8
19607,1
19655,1
19661,1
19700,8
19702,16
19822,1
19890,1
19931,1
19946,1
20060,1
20139,1
20143,0
20167,1
20350,1
20462,1
3557,2
3671,0
6427,2
7091,2
8973,2
11423,0
1224,0
145,0
10886,0
1889,2
5650,17
14496,1
721,3
101,14
3401,14
7774,14
8071,14
10430,14
11537,0
11808,14
11956,14
13476,14
14077,14
14262,14
17200,14
73,14
1103,2
6079,2
702,2
1221,6
194,0
195,0
1206,0
1207,0
1249,0
1742,0
1842,2
2552,0
3621,0
3676,0
3754,0
4130,0
4190,0
4385,0
5050,0
5640,0
5663,0
5719,0
5723,1
10579,0
11743,0
11872,0
16517,0
16889,0
12,0
1785,0
14,0
20,0
26,0
46,0
88,0
91,0
98,0
286,2
376,11
834,1
1290,2
1740,8
2149,1
2493,1
2521,4
2554,4
3403,1
3957,0
3976,22
4058,6
4472,1
4549,1
4550,16
4966,1
5704,1
5769,11
6122,0
6199,1
6283,1
6299,1
6395,1
6494,1
6784,1
6939,2
7056,1
7445,11
7749,1
7861,11
7884,1
7993,7
8013,1
8355,2
8408,2
8425,23
9137,9
9425,6
10400,1
10404,8
10476,4
10722,1
10778,7
10915,1
10937,1
11082,8
11268,1
11346,1
11376,1
11385,13
11494,1
11511,1
11750,1
11796,1
11800,7
11823,13
11907,1
11944,1
11981,1
12006,8
12018,1
12128,1
12142,1
12188,11
12238,1
12859,2
12956,2
13001,2
13058,15
13287,2
13395,1
13544,1
13632,1
13633,1
13650,1
13695,1
13741,1
13750,1
13841,0
13874,7
13955,1
14103,1
14205,1
14273,1
14318,1
14466,1
14468,1
14573,1
14607,1
14624,1
14930,1
15069,1
15211,1
15332,1
15420,2
15462,2
15646,2
15648,1
15649,1
15650,1
15651,1
15847,24
16130,11
16257,9
16463,1
16492,1
16569,1
16730,11
16818,13
16880,1
16946,1
16997,1
17083,1
17097,1
17509,4
17510,1
18459,1
18475,1
18577,1
18580,1
18656,1
18816,1
18939,1
18942,1
18983,1
19058,1
19088,1
19094,1
19100,1
19117,1
19251,1
19279,1
19313,1
19478,1
19544,1
19553,1
19617,1
19623,1
19644,8
19645,1
19667,17
19724,1
19752,1
19771,1
19813,1
19908,1
19912,1
19947,1
19995,1
20114,1
20501,1
2648,0
14041,0
1227,0
1909,0
2641,0
11422,0
4536,5
5113,5
5750,5
6360,5
6435,5
9839,5
11350,5
11563,5
16819,5
17100,5
7474,6
9798,6
9596,4
237,1
513,2
568,3
577,11
706,1
1591,3
1757,1
1761,1
1832,0
1968,1
2041,1
2150,0
2154,1
2516,4
2572,1
2698,0
2711,1
2928,1
3087,1
3089,1
3659,1
3733,1
3786,22
3951,13
4039,1
4045,16
4048,1
4324,1
4519,1
4725,4
4766,22
4913,1
5024,1
5665,1
5666,8
5689,1
5705,17
6059,0
6082,1
6102,8
6140,7
6181,1
6197,10
6198,3
6203,1
6302,1
6309,1
6411,1
6428,1
6484,1
6517,0
6532,1
6601,1
6612,1
6650,1
6667,2
6912,0
6913,3
6918,1
6922,14
6941,1
6949,2
6967,16
6973,17
6991,1
6994,1
7019,1
7024,1
7047,1
7057,1
7177,1
7453,1
7796,14
7811,4
7843,25
7902,1
7909,1
8006,4
8049,8
8051,1
8058,1
8073,2
9739,6
10259,1
10297,14
10389,1
10416,1
10421,1
10469,1
10516,1
10521,1
10532,1
10627,2
10638,1
10674,1
10685,14
10721,1
10726,1
10760,1
10819,1
10820,1
10849,1
10916,1
10975,2
11003,2
11022,4
11057,1
11101,1
11118,1
11149,1
11244,1
11264,1
11296,1
11305,1
11317,14
11379,1
11474,1
11485,1
11496,1
11510,1
11550,1
11609,1
11613,1
11690,1
11732,1
11764,11
11792,1
11809,1
11867,2
11904,1
11954,14
11967,1
11979,1
11990,1
12016,1
12033,1
12035,1
12036,1
12052,1
12069,1
12100,1
12147,1
12153,1
12167,1
12213,8
12216,8
12224,1
12233,8
13313,1
13341,1
13344,1
13351,1
13388,1
13389,2
13408,1
13423,1
13433,13
13444,1
13465,13
13473,10
13475,1
13483,1
13536,1
13547,1
13564,11
13574,1
13593,1
13624,8
13673,25
13698,1
13704,1
13722,1
13730,1
13766,1
13775,1
13781,1
13782,1
13819,1
13846,1
13864,13
13869,1
13873,1
13880,1
13890,8
13904,1
13930,1
13932,4
13939,3
13959,1
13984,1
13994,1
14000,8
14051,1
14052,1
14054,1
14063,1
14075,8
14099,1
14132,1
14145,1
14146,1
14174,1
14175,1
14188,1
14196,1
14198,1
14200,1
14201,17
14229,1
14238,1
14246,1
14268,1
14293,1
14294,4
14296,1
14306,1
14317,1
14325,0
14340,1
14347,1
14353,1
14368,1
14369,1
14372,1
14374,1
14383,8
14386,10
14387,10
14410,1
14416,1
14434,1
14461,1
14484,0
14485,16
14501,4
14506,16
14513,1
14518,1
14519,1
14529,8
14531,1
14545,1
14574,1
14576,1
14589,1
14614,4
14645,1
14646,1
14649,1
14673,8
14680,1
14699,1
14704,1
14722,1
14746,1
14751,1
14764,1
14767,1
14791,1
14793,1
14809,1
14816,13
14822,1
14830,1
14847,1
14861,1
14876,8
14878,14
14894,1
14898,1
14903,14
14909,1
14912,1
14919,8
14932,1
14940,10
14945,8
14946,1
14963,13
14968,1
14987,1
14994,1
14995,17
15011,1
15014,1
15016,1
15040,1
15047,1
15052,1
15062,1
15081,1
15086,1
15088,1
15090,1
15144,1
15191,1
15192,10
15206,8
15233,1
15240,1
15242,1
15254,1
15309,1
16411,1
16432,16
16491,1
16495,1
16514,1
16515,8
16516,1
16536,1
16540,4
16542,1
16549,1
16557,1
16570,1
16590,1
16604,17
16644,1
16672,16
16677,1
16687,1
16726,1
16738,14
16759,1
16766,8
16769,1
16793,1
16828,13
16851,1
16857,1
16871,16
16878,1
16893,1
16900,1
16908,1
16918,4
16989,1
17013,1
17018,1
17045,10
17054,1
17096,1
17123,1
17142,1
17146,1
17149,1
17165,1
17169,1
17216,1
17221,1
17236,1
17251,1
17254,1
17267,1
17269,1
17282,1
17283,1
17289,1
17317,1
17360,1
17383,1
17385,1
17396,1
17402,3
18436,1
18497,1
18531,8
18540,1
18560,13
18570,1
18583,1
18594,13
18595,1
18619,1
18625,8
18629,16
18641,1
18647,1
18661,1
18670,1
18685,1
18701,1
18707,1
18713,1
18721,1
18733,1
18734,7
18756,14
18777,8
18793,1
18829,1
18841,1
18842,1
18847,1
18857,16
18859,1
18873,1
18887,8
18896,17
18918,1
18927,13
18933,1
18938,1
18976,1
19006,1
19013,1
19031,1
19040,1
19043,1
19057,1
19079,1
19087,4
19092,17
19098,1
19106,1
19107,1
19115,25
19127,1
19131,1
19145,1
19150,1
19158,1
19175,1
19197,1
19199,11
19206,1
19271,1
19286,1
19297,1
19325,1
19331,1
19377,1
19389,1
19418,1
19458,16
19470,13
19481,1
19576,1
19586,1
19603,1
19604,1
19615,1
19636,1
19642,4
19647,1
19653,1
19708,1
19719,8
19722,14
19725,1
19756,16
19780,1
19854,4
19867,1
19872,1
19884,1
19894,1
19913,1
19936,1
19956,8
19957,8
19974,1
20016,1
20018,13
20045,1
20064,1
20070,1
20112,16
20119,1
20129,1
20194,1
20211,1
20219,1
20296,1
20298,1
20313,1
20343,1
20346,1
20365,8
20379,1
20476,1
64512,1
64610,1
64615,1
64616,1
64619,1
64621,1
64622,1
65102,1
65111,1
65131,1
65209,1
65400,1
27,0
81,1
6250,1
20033,1
111,0
57,0
217,0
1998,0
6263,0
3832,0
4554,2
4555,0
5655,0
5676,8
5726,2
7397,0
10596,0
31,0
127,0
238,1
2883,1
17132,1
4230,7
7738,7
17222,7
517,15
790,2
1130,2
1136,2
1299,2
1342,2
1836,2
1891,2
1897,11
1899,24
1901,2
1902,2
1903,26
2116,2
2134,2
2819,2
2857,2
3220,2
3262,2
3265,2
3300,2
3304,2
3324,2
3327,27
3333,2
5413,2
5459,2
5466,2
5474,11
5602,9
5606,18
6734,2
6760,24
6879,2
8068,2
8222,2
8296,2
8297,2
8387,2
8551,28
8771,2
9057,2
12301,23
12352,2
12359,2
12394,2
12424,2
12430,2
12472,2
12479,2
12497,18
12513,2
12626,2
12866,2
12980,2
13100,2
13126,18
13237,2
13285,2
13987,2
13988,2
14616,2
15562,2
15570,2
15863,2
15892,18
15919,11
20607,2
377,5
668,3
683,2
786,2
789,2
1829,17
2200,24
2505,0
2603,2
2640,0
3152,0
3380,0
3428,0
3429,29
3431,0
4183,10
4969,1
5102,0
5669,2
6081,0
6261,1
6405,0
6406,0
6509,11
7066,0
7194,1
7539,0
7960,1
9010,0
9591,4
10490,10
10702,17
11678,0
11926,0
14455,2
16,0
43,0
45,0
50,1
59,0
68,0
188,0
291,0
292,0
1254,0
1263,0
1316,0
1749,0
1843,0
6066,2
10343,0
12819,0
24,0
7847,0
41,0
270,0
303,3
3916,3
5872,3
5978,3
22,3
5855,3
6539,11
10566,11
1334,5
8933,0
400,3
132,3
450,3
419,3
553,15
5409,2
5520,15
6695,2
6710,15
8354,2
8365,15
8549,15
8569,15
8572,15
8937,15
12404,15
12480,15
12898,15
13031,15
13040,15
13043,15
13045,15
13054,15
13090,15
13289,15
15372,15
15415,15
15506,15
15514,15
15628,15
15743,15
15752,15
549,11
802,11
808,11
5664,11
12093,11
18621,11
19350,11
19737,11
19925,11
239,11
1270,15
724,3
1733,3
5927,3
800,11
803,11
855,11
2652,11
3848,11
6183,11
6327,11
7122,11
7734,11
7781,11
7788,11
7794,11
7928,11
10329,11
10808,11
11084,11
11453,11
11489,11
11666,11
11727,11
11742,11
12226,11
13430,11
13768,11
14014,11
14177,11
14280,11
14358,11
14430,11
14502,11
14653,11
14663,11
14820,11
15160,11
16624,11
17328,11
18563,11
19152,11
19215,11
19848,11
19961,11
3112,0
6095,4
11685,0
14131,0
17135,0
17339,0
19902,0
159,0
13,3
680,2
1275,15
1754,29
6733,15
8303,15
12329,15
13167,2
288,2
2647,2
8519,2
14702,2
703,6
704,1
705,7
714,1
813,11
814,1
815,7
816,11
817,1
818,11
852,11
1280,2
1294,2
1295,1
1341,1
1663,5
1673,5
1678,1
1680,28
1682,10
1692,1
1698,5
1744,1
1759,2
1760,6
1763,1
1767,1
1784,1
1874,3
1975,1
1982,1
2003,1
2011,1
2019,1
2033,1
2052,1
2140,17
2163,1
2165,1
2173,13
2276,1
2277,11
2379,16
2532,1
2534,4
2562,1
2576,0
2578,29
2712,1
2717,1
2749,3
2752,1
2824,1
2825,1
2853,2
2899,17
2901,17
2905,30
2941,17
3104,1
3113,1
3364,1
3378,1
3389,1
3454,7
3493,11
3502,1
3554,1
3569,24
3573,6
3584,11
3585,1
3591,10
3593,8
3602,11
3605,6
3625,1
3655,1
3670,16
3672,11
3680,17
3701,14
3707,1
3737,1
3741,30
3751,1
3767,13
3768,1
3769,1
3770,1
3801,1
3811,1
3812,11
3816,7
3820,0
3831,1
3840,11
3855,1
3901,1
3950,1
3955,1
3994,1
4042,1
4134,6
4145,1
4150,1
4151,1
4187,1
4188,16
4195,8
4208,1
4223,1
4231,19
4243,1
4271,1
4279,1
4286,1
4309,1
4314,1
4356,14
4364,1
4366,1
4372,1
4373,1
4374,8
4390,0
4393,1
4432,13
4452,13
4455,1
4456,1
4465,1
4500,1
4530,0
4542,16
4543,1
4546,2
4547,1
4566,1
4570,20
4574,1
4583,14
4587,1
4592,14
4596,1
4637,6
4662,6
4761,6
4775,6
4781,6
4786,6
4787,6
4792,22
4799,6
4922,1
4924,1
4926,7
4939,1
4940,14
4952,1
4959,1
4960,1
4977,1
4979,1
4986,1
4996,4
5000,1
5002,1
5003,1
5009,1
5015,1
5026,1
5049,8
5055,1
5076,1
5080,1
5106,0
5486,28
5552,2
5594,24
5647,0
5668,4
5670,8
5690,11
5697,8
5702,1
5703,1
5706,1
5713,30
5714,1
5727,6
5743,0
5752,1
5757,1
5760,1
5762,1
5763,16
5774,1
5776,1
5778,1
5780,1
5789,1
5798,14
5939,3
6061,1
6062,13
6064,8
6065,11
6071,1
6073,1
6076,1
6091,1
6103,1
6104,1
6113,1
6128,0
6167,1
6179,1
6195,1
6220,8
6223,1
6224,1
6225,14
6226,4
6233,1
6234,14
6249,2
6254,1
6295,1
6303,8
6314,1
6315,1
6318,1
6319,1
6321,1
6331,1
6334,1
6341,1
6347,1
6352,17
6359,1
6364,1
6367,1
6371,1
6373,4
6380,3
6381,0
6382,8
6383,8
6384,1
6385,1
6386,1
6387,8
6388,1
6396,1
6404,1
6407,11
6410,1
6419,1
6423,1
6431,1
6433,1
6437,1
6448,21
6456,1
6459,1
6462,1
6468,8
6475,1
6477,1
6479,1
6480,1
6482,1
6485,1
6499,1
6503,7
6506,1
6507,1
6519,1
6521,17
6524,1
6528,1
6530,1
6533,1
6542,1
6544,1
6550,1
6568,1
6569,1
6589,1
6594,1
6614,1
6619,6
6620,1
6629,0
6630,1
6641,1
6646,1
6653,17
6660,2
6677,2
6762,9
6813,2
6847,2
6917,8
6933,1
6938,8
6943,1
6947,1
6977,1
6979,8
6984,1
7016,1
7029,1
7030,1
7035,13
7041,1
7042,1
7045,1
7046,6
7053,0
7054,1
7064,1
7065,1
7078,17
7087,7
7088,1
7106,14
7113,1
7114,1
7115,1
7131,6
7146,1
7148,28
7152,0
7165,1
7168,17
7178,1
7183,1
7206,1
7213,8
7220,1
7224,8
7227,1
7253,1
7256,1
7257,1
7261,1
7271,11
7281,1
7296,4
7301,1
7317,13
7323,1
7324,1
7332,16
7334,14
7337,19
7342,1
7358,1
7362,14
7366,11
7368,1
7380,1
7381,1
7384,1
7393,1
7407,1
7410,17
7420,1
7423,1
7434,1
7435,1
7466,1
7545,6
7633,11
7723,1
7726,1
7731,17
7733,1
7743,1
7744,1
7748,13
7751,1
7762,1
7764,0
7770,4
7772,1
7776,14
7785,1
7786,1
7790,17
7792,16
7795,1
7809,8
7825,1
7832,1
7833,8
7837,1
7838,1
7849,1
7851,1
7866,1
7871,1
7876,1
7891,1
7892,8
7893,0
7894,1
7900,1
7908,7
7910,11
7915,4
7920,4
7921,8
7924,1
7932,1
7942,1
7951,1
7959,1
8000,1
8012,8
8021,1
8022,8
8039,1
8046,13
8047,4
8060,1
8061,1
8062,3
8063,10
8065,11
8074,1
8077,1
8079,16
8080,1
8082,8
8085,1
8087,1
8105,1
8125,1
8126,1
8128,1
8129,1
8130,1
8136,1
8137,14
8138,14
8143,14
8154,1
8158,1
8164,6
8166,1
8172,1
8182,1
8188,8
8193,29
8210,2
8244,9
8509,18
8563,29
8584,28
8750,1
8777,18
8837,11
8895,11
9071,28
9241,6
9277,22
9306,1
9318,22
9334,6
9415,6
9497,6
9498,6
9505,6
9548,5
9583,6
9680,2
9751,5
9800,6
9902,6
9918,6
9919,7
9922,4
9929,6
9930,6
9940,14
10029,6
10030,1
10081,6
10094,6
10101,6
10130,1
10207,11
10240,8
10242,1
10249,1
10261,11
10271,1
10275,11
10288,1
10290,1
10296,1
10298,1
10300,1
10314,8
10316,1
10333,1
10334,1
10337,16
10339,1
10342,1
10347,1
10351,1
10352,1
10363,14
10379,16
10383,1
10397,1
10409,1
10422,1
10424,13
10431,1
10434,1
10447,1
10453,1
10455,7
10457,8
10458,1
10461,8
10466,19
10467,1
10471,1
10473,1
10484,1
10493,1
10499,1
10517,1
10522,10
10527,1
10530,6
10534,1
10537,1
10539,8
10552,8
10564,4
10571,1
10577,1
10584,8
10585,8
10597,1
10599,1
10603,1
10625,1
10633,8
10647,1
10648,8
10650,1
10651,13
10655,1
10661,1
10664,1
10668,1
10669,1
10672,1
10673,4
10676,1
10681,10
10683,1
10686,1
10694,1
10703,1
10717,1
10724,8
10735,1
10738,8
10745,1
10754,0
10780,1
10789,1
10790,2
10800,17
10801,1
10825,1
10826,1
10828,1
10829,1
10830,1
10831,14
10832,1
10833,1
10838,1
10843,1
10844,8
10846,1
10848,8
10850,1
10851,1
10856,11
10859,1
10860,4
10866,14
10884,14
10899,1
10904,1
10920,1
10925,1
10933,1
10939,1
10944,8
10950,1
10953,1
10960,17
10962,1
10968,1
10970,1
10978,10
10980,1
10989,1
10991,1
10995,8
10997,1
10998,1
11006,1
11009,1
11011,1
11012,1
11016,1
11023,1
11030,1
11036,1
11040,1
11059,1
11067,1
11074,1
11093,1
11094,0
11104,1
11111,1
11137,11
11143,1
11144,1
11151,1
11154,1
11155,1
11160,1
11163,13
11165,1
11171,1
11172,7
11176,1
11178,8
11189,1
11192,4
11195,14
11196,1
11202,1
11204,1
11210,1
11211,1
11214,1
11221,1
11225,17
11226,1
11229,1
11233,1
11238,1
11239,1
11240,1
11250,1
11255,1
11259,11
11260,11
11272,1
11280,1
11286,1
11298,14
11299,1
11300,6
11319,1
11320,1
11329,1
11331,18
11333,4
11334,1
11339,1
11349,1
11351,1
11355,1
11360,13
11364,1
11366,14
11369,8
11371,1
11374,1
11377,11
11383,1
11388,2
11395,1
11404,2
11407,4
11409,1
11412,1
11413,1
11418,1
11427,1
11430,1
11437,1
11439,1
11449,1
11456,4
11462,1
11470,17
11471,1
11472,1
11473,16
11479,14
11486,1
11487,1
11504,1
11507,17
11517,1
11520,1
11528,1
11533,1
11536,0
11538,1
11541,1
11542,1
11554,1
11559,1
11560,1
11570,1
11574,14
11578,1
11587,1
11588,17
11591,1
11595,1
11598,1
11605,1
11606,1
11610,8
11612,1
11616,1
11623,1
11624,1
11627,8
11633,1
11635,1
11636,4
11640,1
11641,1
11643,8
11648,1
11652,8
11653,11
11655,14
11657,1
11658,1
11664,7
11676,1
11691,1
11702,1
11711,4
11716,1
11718,14
11720,1
11721,1
11723,31
11733,1
11734,8
11735,1
11737,1
11738,1
11746,1
11748,13
11749,1
11753,1
11754,8
11755,1
11759,13
11760,1
11761,1
11762,1
11768,0
11774,10
11775,1
11778,8
11779,1
11781,1
11784,1
11789,1
11790,1
11791,1
11793,1
11795,8
11797,1
11798,17
11806,1
11810,1
11813,1
11826,14
11829,13
11830,11
11831,1
11836,1
11840,8
11846,18
11847,1
11850,1
11852,1
11859,1
11866,1
11875,1
11877,1
11879,1
11881,1
11889,11
11890,8
11891,1
11892,1
11897,1
11900,1
11908,6
11910,1
11911,1
11927,1
11929,1
11930,1
11933,1
11935,8
11939,1
11943,13
11947,1
11952,8
11953,1
11958,1
11961,1
11964,14
11968,1
11970,1
11971,1
11977,1
11984,1
11985,1
11991,1
11992,11
12015,14
12022,1
12023,11
12032,1
12041,1
12044,1
12049,1
12053,1
12054,1
12055,1
12061,1
12062,1
12064,1
12066,11
12071,1
12077,2
12087,1
12096,14
12097,1
12103,1
12117,4
12121,1
12122,1
12127,7
12130,11
12138,1
12141,1
12149,2
12151,1
12160,1
12169,1
12170,1
12184,1
12194,1
12195,1
12197,1
12201,1
12217,1
12221,1
12222,8
12223,1
12225,14
12234,2
12237,1
12251,1
12252,11
12257,1
12261,1
12271,1
12274,13
12280,8
12281,1
12283,1
12287,1
12491,28
12849,28
12888,15
13099,29
13264,2
13312,1
13321,10
13322,1
13326,0
13328,1
13330,1
13345,16
13363,1
13368,1
13371,1
13372,1
13376,16
13378,1
13379,8
13380,1
13382,1
13386,8
13406,1
13411,1
13415,17
13417,1
13418,1
13419,1
13432,1
13435,1
13443,1
13449,1
13454,1
13456,14
13457,1
13462,14
13463,2
13472,1
13489,11
13490,1
13492,1
13494,1
13496,1
13497,1
13499,1
13500,1
13507,1
13511,8
13512,22
13516,1
13517,1
13524,1
13526,13
13532,1
13534,1
13537,8
13539,1
13541,1
13548,17
13549,4
13567,1
13570,1
13576,1
13577,13
13586,1
13588,1
13589,1
13590,1
13591,7
13595,6
13596,1
13599,1
13601,1
13603,1
13608,1
13609,4
13611,1
13612,17
13614,1
13617,1
13621,14
13625,1
13626,14
13627,4
13629,0
13630,1
13635,1
13638,1
13639,16
13642,1
13645,1
13657,11
13659,13
13676,1
13677,1
13678,0
13680,16
13683,1
13684,1
13689,1
13693,1
13694,1
13703,1
13710,1
13713,1
13717,1
13719,1
13720,8
13727,1
13731,1
13733,1
13734,4
13742,1
13748,8
13753,16
13754,1
13758,1
13764,1
13770,1
13778,2
13793,1
13799,17
13803,8
13804,14
13812,1
13813,8
13816,1
13817,1
13829,1
13830,8
13831,1
13833,1
13837,1
13842,1
13851,14
13868,1
13877,1
13878,7
13882,1
13883,1
13887,1
13888,1
13889,1
13892,16
13893,1
13894,1
13896,1
13905,1
13915,1
13925,1
13931,1
13933,1
13938,1
13947,1
13948,1
13951,1
13952,1
13954,14
13957,4
13958,1
13960,1
13963,1
13969,1
13976,1
13977,1
13980,1
13989,1
13993,1
13996,1
13997,1
14010,1
14013,1
14016,1
14032,16
14037,1
14056,1
14062,1
14064,1
14067,1
14072,1
14082,1
14086,14
14092,1
14109,14
14116,11
14120,1
14121,1
14124,1
14133,1
14134,8
14135,1
14137,16
14143,1
14148,14
14150,14
14151,1
14156,1
14163,14
14168,1
14169,1
14185,1
14193,1
14194,1
14203,1
14210,4
14222,1
14225,19
14226,8
14236,1
14237,1
14244,1
14248,1
14251,1
14256,1
14266,1
14267,1
14274,1
14277,2
14284,1
14288,1
14291,1
14292,1
14298,1
14299,1
14302,1
14308,14
14310,4
14315,1
14319,1
14321,1
14326,1
14327,14
14328,1
14329,1
14330,1
14335,1
14338,1
14342,1
14343,1
14345,8
14350,1
14352,8
14356,1
14363,1
14364,1
14370,4
14379,1
14381,1
14390,1
14392,1
14394,1
14404,17
14406,13
14414,1
14417,1
14418,1
14420,11
14431,1
14432,1
14435,1
14439,1
14443,1
14460,1
14462,1
14471,4
14474,17
14486,1
14495,8
14505,1
14507,14
14514,1
14535,7
14541,1
14542,8
14544,16
14547,1
14551,7
14552,1
14557,1
14566,8
14579,1
14581,1
14591,1
14604,1
14608,8
14639,1
14647,1
14654,8
14658,10
14659,1
14665,13
14667,1
14671,4
14675,1
14687,1
14689,1
14691,1
14693,1
14695,1
14696,8
14712,0
14717,14
14734,1
14735,13
14736,1
14750,1
14755,1
14771,1
14775,1
14784,14
14796,14
14799,1
14800,1
14805,17
14808,1
14811,1
14825,17
14829,14
14831,1
14832,1
14835,1
14851,1
14855,10
14856,1
14859,1
14860,1
14862,1
14865,16
14870,8
14871,1
14882,1
14884,14
14888,1
14897,1
14904,1
14915,1
14931,1
14935,1
14950,1
14955,1
14956,1
14959,1
14961,1
14965,1
14976,1
14984,1
14992,1
15002,1
15005,1
15006,1
15015,1
15023,17
15034,7
15035,2
15036,1
15037,1
15038,1
15043,4
15045,1
15049,1
15050,0
15051,1
15053,1
15056,13
15057,1
15058,17
15071,1
15076,1
15077,4
15083,0
15087,8
15089,8
15097,1
15099,1
15104,8
15111,4
15112,1
15113,1
15114,1
15129,1
15137,1
15140,8
15147,1
15155,1
15162,1
15166,1
15168,14
15172,1
15173,25
15175,1
15176,1
15178,1
15186,1
15190,1
15199,1
15204,8
15213,1
15217,1
15225,1
15227,1
15231,1
15234,1
15245,1
15248,16
15249,1
15255,1
15260,8
15261,1
15263,1
15265,1
15266,1
15268,1
15271,1
15275,0
15276,1
15279,1
15281,1
15284,1
15285,4
15288,1
15289,1
15290,11
15293,1
15303,1
15304,1
15312,1
15313,8
15319,1
15325,8
15330,1
15333,1
15335,1
15337,0
15338,1
15339,1
15340,1
15341,1
15355,1
15358,17
16385,1
16392,4
16393,1
16394,1
16401,1
16410,1
16413,1
16420,13
16421,1
16428,1
16431,1
16464,1
16469,1
16470,1
16478,1
16480,1
16482,1
16484,8
16486,17
16488,1
16490,1
16496,16
16497,14
16521,1
16526,8
16531,1
16533,1
16545,1
16558,1
16564,1
16572,1
16597,1
16599,1
16601,16
16605,1
16609,1
16612,16
16617,1
16619,14
16621,1
16628,1
16633,14
16634,1
16635,1
16638,16
16646,1
16653,1
16658,17
16659,1
16662,1
16666,1
16670,0
16674,1
16675,1
16676,4
16680,1
16682,4
16683,1
16693,1
16698,1
16709,1
16714,14
16719,8
16728,1
16729,11
16740,13
16743,13
16746,1
16747,1
16753,1
16754,14
16756,1
16758,1
16767,1
16770,1
16781,1
16795,1
16802,11
16804,1
16808,4
16810,1
16811,8
16813,0
16816,14
16817,1
16827,1
16833,8
16834,1
16835,1
16836,1
16837,1
16838,1
16852,14
16868,1
16869,4
16870,1
16876,1
16877,1
16882,1
16886,1
16888,1
16892,1
16898,1
16899,1
16912,4
16913,3
16920,1
16921,1
16922,8
16926,1
16927,1
16928,1
16934,1
16937,1
16938,1
16941,11
16952,1
16968,1
16971,1
16974,1
16976,1
16981,1
16982,1
16983,1
16985,2
16986,1
16995,1
16998,1
17000,1
17001,1
17002,8
17003,1
17008,1
17010,17
17015,1
17017,14
17020,1
17021,1
17024,1
17031,1
17035,2
17036,1
17041,1
17051,0
17052,1
17056,1
17066,1
17070,1
17073,1
17074,1
17078,13
17085,0
17088,1
17098,1
17103,1
17104,1
17105,1
17106,1
17111,1
17127,1
17128,17
17130,1
17138,1
17145,1
17154,11
17166,1
17167,1
17168,1
17173,1
17178,1
17179,1
17185,1
17192,14
17194,1
17199,1
17202,1
17204,2
17211,1
17212,1
17232,1
17239,4
17240,1
17242,1
17243,14
17245,4
17247,1
17252,8
17253,1
17259,1
17263,17
17268,0
17278,8
17279,1
17300,1
17302,16
17303,16
17305,1
17307,1
17310,1
17316,1
17322,1
17323,1
17324,0
17330,16
17347,1
17358,4
17367,1
17373,0
17382,4
17386,1
17391,1
17397,11
17398,2
17406,1
17426,6
17453,6
17550,6
18435,1
18437,1
18442,8
18445,1
18446,16
18463,14
18469,1
18476,1
18478,1
18482,17
18483,1
18484,1
18485,1
18486,1
18487,1
18488,1
18489,1
18490,1
18491,1
18493,1
18502,17
18503,1
18506,1
18510,1
18513,1
18523,2
18524,1
18528,8
18529,1
18545,8
18546,1
18558,8
18565,1
18571,1
18573,1
18574,1
18581,16
18588,1
18591,1
18593,1
18600,1
18601,1
18602,1
18606,16
18613,1
18624,1
18627,1
18632,1
18650,11
18655,1
18666,1
18674,1
18676,6
18680,1
18681,8
18682,1
18687,1
18689,1
18690,0
18691,11
18694,1
18703,8
18709,1
18714,1
18723,16
18736,8
18744,1
18750,1
18753,14
18759,1
18763,1
18764,1
18765,1
18766,1
18767,1
18768,1
18769,1
18781,1
18796,1
18800,1
18803,4
18814,1
18815,1
18833,1
18835,1
18844,1
18845,1
18853,14
18854,1
18855,1
18860,1
18865,16
18875,1
18877,1
18878,1
18882,13
18883,1
18885,1
18893,1
18894,17
18900,1
18901,1
18906,14
18908,1
18910,4
18915,10
18916,8
18921,1
18924,14
18936,1
18937,8
18940,1
18943,1
18947,14
18956,14
18958,1
18971,1
18978,1
18981,1
18984,1
19005,1
19014,1
19018,8
19030,1
19036,1
19050,1
19059,1
19063,14
19065,1
19073,1
19093,1
19110,1
19112,1
19119,1
19121,1
19123,1
19124,1
19133,1
19143,1
19154,1
19156,1
19160,1
19170,1
19173,1
19176,1
19186,1
19194,1
19195,1
19208,1
19209,1
19210,1
19211,1
19212,1
19216,1
19217,1
19223,1
19229,1
19237,1
19246,1
19250,1
19252,17
19253,1
19254,1
19267,14
19270,1
19274,8
19282,1
19305,1
19307,1
19319,1
19333,1
19335,1
19346,14
19353,14
19354,14
19356,4
19357,1
19360,1
19367,1
19380,1
19388,1
19390,1
19394,1
19398,1
19408,1
19419,1
19430,1
19431,1
19434,1
19441,1
19445,1
19450,1
19451,11
19454,1
19459,1
19467,14
19469,1
19473,1
19477,17
19480,1
19512,1
19517,1
19520,1
19522,13
19526,1
19536,1
19540,1
19545,1
19562,1
19569,6
19570,1
19580,1
19589,1
19591,1
19593,1
19594,1
19598,1
19610,1
19612,1
19619,1
19631,1
19633,1
19651,1
19656,0
19666,8
19673,1
19678,14
19682,1
19683,1
19712,1
19717,17
19726,1
19738,1
19742,1
19745,1
19748,1
19757,1
19759,1
19760,13
19761,1
19766,1
19772,1
19778,1
19779,1
19783,1
19789,1
19791,1
19801,1
19803,1
19804,1
19805,1
19806,1
19807,1
19808,1
19809,1
19816,14
19823,1
19834,1
19836,8
19838,1
19846,1
19851,1
19861,1
19863,1
19865,8
19870,1
19874,1
19877,1
19885,1
19896,1
19903,0
19911,1
19918,13
19920,1
19923,0
19926,1
19928,1
19932,1
19935,1
19941,1
19949,8
19973,1
19977,1
19992,1
19996,1
19998,1
20004,1
20005,1
20008,4
20014,1
20029,1
20039,1
20049,1
20050,1
20056,16
20088,1
20089,0
20094,1
20132,11
20148,4
20153,1
20156,13
20160,1
20161,1
20175,1
20183,1
20198,13
20203,1
20208,1
20221,1
20226,1
20234,1
20248,1
20249,1
20287,1
20288,1
20289,1
20329,16
20333,1
20358,1
20397,1
20403,1
20404,1
20407,1
20415,1
20432,1
20447,1
20450,1
20454,1
20466,1
20470,1
20471,1
20472,1
21533,1
21535,1
6,24
3215,24
17,0
33,2
49,1
80,1
125,16
545,1
557,0
646,3
3739,3
690,5
1321,5
1322,5
1323,5
1324,5
1325,5
1326,5
1327,5
1328,5
1330,5
1331,5
1332,5
1333,5
1662,5
1677,5
1695,5
10519,5
1213,0
1653,2
1670,5
1849,2
1890,2
2047,2
2167,2
2818,2
2822,2
2830,2
2876,2
3083,2
3092,2
3096,2
3246,2
3259,24
3307,2
3334,2
3336,2
3615,2
3917,24
4983,6
5089,2
5377,2
5378,2
5381,2
5395,9
5397,2
5400,2
5463,2
5493,2
5499,2
5506,2
5515,2
5533,11
5535,2
5551,2
5556,2
5577,2
5586,2
5603,9
5610,11
5620,2
5621,2
5622,2
6595,2
6706,2
6725,2
6739,2
6747,32
6756,2
6785,2
6793,2
6805,2
6855,12
7990,2
8072,2
8199,2
8211,2
8221,2
8224,2
8232,2
8243,2
8262,18
8299,29
8301,2
8318,2
8350,29
8404,2
8406,2
8434,2
8473,2
8493,2
8498,18
8513,18
8542,2
8559,2
8582,2
8613,2
8616,2
8638,2
8640,2
8660,9
8681,2
8696,2
8703,2
8718,2
8729,2
8755,29
8758,2
8765,11
8773,29
8795,18
8801,2
8802,2
8807,2
8816,9
8833,2
8841,21
8857,2
8881,2
8883,2
8903,2
8911,9
8954,2
8974,2
8984,2
8986,2
8987,2
8993,2
8994,11
9011,2
9013,2
9019,2
9031,2
9065,2
9084,2
9090,2
9092,2
9096,2
9097,23
9106,2
9109,2
9132,15
9146,11
9150,2
9151,2
9160,2
9166,2
9173,2
9190,11
9194,1
9195,2
9502,6
11002,2
12319,9
12333,2
12334,2
12338,2
12345,9
12347,2
12357,2
12363,9
12368,2
12385,18
12429,2
12465,9
12475,2
12481,9
12482,2
12489,2
12496,2
12498,9
12510,15
12576,2
12596,2
12605,2
12616,2
12624,2
12631,21
12634,2
12651,2
12688,2
12701,2
12708,2
12710,2
12715,2
12720,2
12763,2
12784,2
12789,2
12797,2
12799,2
12834,2
12850,2
12854,2
12874,9
12896,2
12909,2
12935,2
12937,2
12942,2
12994,2
12995,2
12996,2
13007,2
13009,2
13013,2
13015,2
13051,2
13055,9
13084,2
13088,2
13089,9
13097,9
13098,9
13112,2
13127,2
13146,2
13156,11
13169,2
13177,2
13189,2
13196,2
13197,2
13208,2
13243,2
13250,2
13258,2
13280,2
13283,2
13284,2
15365,9
15376,2
15379,2
15383,2
15397,2
15421,2
15423,2
15429,24
15435,2
15453,9
15472,2
15480,2
15485,26
15498,2
15510,2
15517,2
15524,2
15533,2
15535,2
15569,2
15589,2
15602,9
15613,15
15623,2
15625,2
15633,2
15641,18
15653,2
15662,2
15677,2
15681,2
15685,26
15687,2
15730,2
15734,2
15740,2
15745,2
15765,2
15769,2
15773,2
15786,2
15789,2
15795,9
15796,2
15799,2
15816,2
15818,2
15849,2
15852,2
15869,2
15917,2
15920,18
15931,11
15954,2
15961,2
15989,2
15990,2
15998,2
16001,2
16008,2
16023,2
16032,2
16036,2
16039,2
16049,2
16050,2
16075,2
16079,2
16086,2
16098,9
16206,2
16266,2
16282,2
16294,2
16302,2
16337,2
16350,2
16358,2
16368,2
16377,2
17071,2
17175,6
20492,2
20507,2
20542,2
20573,2
20605,15
20631,2
20659,2
20683,2
20684,2
20696,2
20713,2
20752,2
1298,6
2518,4
2706,6
3108,6
3363,6
4158,6
4528,6
4611,6
4614,6
4616,6
4627,6
4628,6
4635,6
4677,6
4686,4
4716,4
4724,6
4739,6
4740,11
4758,6
4768,6
4800,6
4801,6
4807,11
4854,6
7468,6
7469,6
7492,6
7496,6
7498,6
7501,4
7524,4
7529,4
7577,6
7589,6
7607,6
7617,6
7637,11
7646,6
7650,6
7657,6
7658,6
7679,4
7713,6
7722,6
9223,6
9229,6
9237,11
9254,6
9256,6
9282,6
9285,6
9332,6
9366,4
9434,6
9438,6
9440,6
9461,6
9466,6
9468,6
9513,6
9550,6
9584,6
9589,6
9656,6
9660,6
9672,6
9729,6
9732,6
9799,6
9826,6
9827,6
9837,6
9881,6
9890,6
9891,6
9899,6
9908,6
9914,6
9989,6
10026,6
10031,6
10074,6
10082,6
10084,6
10091,6
10097,6
10098,6
10100,6
10113,6
10117,6
10121,6
10223,6
12910,6
17411,6
17445,6
17455,6
17456,6
17485,6
17537,6
17561,6
17565,6
17640,6
17645,6
17654,6
17706,6
17707,6
17741,6
20077,13
173,4
9372,4
3699,4
3856,2
4319,14
5051,14
5637,2
5739,0
6971,2
7141,2
7216,2
10368,2
10614,2
11747,2
11858,2
12095,4
12111,17
13442,2
14540,2
14891,2
15131,14
745,3
765,3
767,3
1451,3
1452,3
1455,3
1458,3
1459,3
1460,3
1462,3
1463,3
1464,3
1466,3
1467,3
1468,3
1471,3
1472,3
1474,3
1475,3
1476,3
1477,3
1480,3
1482,3
1483,3
1484,3
1485,3
1488,3
1489,3
1491,3
1494,3
1498,3
1499,3
1503,3
1504,3
1505,3
1507,3
1511,3
1521,3
1527,3
1531,3
1533,3
1545,3
1590,3
1597,3
1598,3
1904,3
1914,3
1959,3
2046,3
3146,3
3475,3
4444,3
5180,3
5181,3
5264,3
5555,3
5954,3
5960,3
5961,3
5962,3
5972,3
5974,3
5975,3
5976,3
5979,3
64520,3
208,3
219,3
255,3
272,3
398,3
412,3
422,3
424,3
467,3
571,3
625,3
637,3
747,3
1600,3
1602,3
1637,3
1649,3
1727,3
1985,3
1989,3
2746,3
3538,3
3544,3
3954,3
4441,3
5303,3
5322,3
5326,3
5328,3
5845,3
5860,3
5881,3
5958,3
227,3
425,3
446,3
619,3
635,3
638,3
1461,3
2650,3
7,2
1248,2
3238,2
5469,2
8624,2
12917,2
12989,2
15424,2
15501,2
15527,2
16051,2
16259,2
719,2
10972,11
2767,11
18638,1
5688,11
7398,11
7992,11
10520,11
10678,11
11103,11
11679,11
12021,11
14166,11
14456,11
14472,11
15024,11
16520,11
16751,11
16949,11
19842,4
74,11
3766,11
838,11
839,11
6058,11
3359,11
6171,11
6638,11
11257,11
11647,11
13911,11
14817,11
15296,11
18988,11
19869,11
20069,11
8111,11
11998,11
16541,11
18804,11
611,11
17120,11
1104,2
1124,2
1140,2
1200,2
1888,2
2686,2
8709,2
12781,2
15509,2
5615,2
8483,2
8737,2
12902,2
15916,2
8209,2
2170,6
2687,6
2764,6
2823,6
3462,6
3607,6
4608,6
4736,6
4744,6
4752,6
4763,6
4788,6
6992,10
7175,6
7486,6
7543,6
7556,6
7566,6
7567,6
7604,6
7605,6
7632,6
7643,6
7718,6
9249,6
9262,6
9288,6
9300,6
9313,6
9328,6
9412,6
9426,6
9443,6
9451,6
9463,6
9509,6
9547,6
9555,6
9567,6
9624,6
9652,6
9667,6
9717,6
9734,6
9746,6
9748,6
9797,6
9901,6
9913,6
9983,6
10115,6
10123,6
10129,6
10134,6
10145,6
10221,6
10235,6
17434,6
17459,6
17484,6
17499,6
17562,6
17631,6
17662,6
17720,6
17722,6
151,6
2915,4
3758,6
4657,6
19987,1
1789,1
1790,1
1791,1
1928,1
2015,1
2050,1
2529,2
2575,1
2911,1
2933,1
3064,1
3362,1
3366,1
3385,1
3388,5
3405,1
3447,0
3463,4
3479,10
3494,1
3555,1
3566,16
3571,1
3594,1
3608,22
3653,1
3714,1
3728,8
3746,1
3749,1
3753,1
3764,1
3815,1
3833,1
3851,0
3899,1
3912,5
3931,1
3998,1
4000,11
4005,11
4043,1
4166,1
4184,17
4191,0
4203,25
4258,17
4293,1
4471,1
4581,1
4595,14
4750,6
4989,4
4999,1
5041,8
5048,17
5054,17
5078,1
5112,1
5496,2
5652,1
5661,0
5673,13
5674,1
5675,1
5677,8
5678,1
5680,4
5681,1
5738,4
5767,16
5784,1
5786,11
6109,1
6138,1
6163,6
6165,1
6175,1
6222,1
6231,10
6255,1
6311,1
6337,1
6355,1
6357,1
6372,19
6413,1
6434,8
6440,1
6451,1
6465,2
6471,7
6567,10
6580,1
6598,1
6603,1
6779,2
6931,1
6945,11
6958,1
6981,1
6988,1
7013,14
7025,1
7070,1
7124,1
7132,20
7138,11
7143,1
7151,8
7180,1
7207,1
7212,1
7222,1
7228,13
7235,8
7258,1
7265,1
7268,1
7288,1
7303,7
7309,1
7321,4
7341,1
7349,1
7350,1
7392,1
7452,1
7459,1
7462,17
7497,6
7727,1
7759,1
7810,1
7823,1
7839,1
7877,1
7912,1
7926,1
7938,1
7944,1
7949,1
7963,1
7982,14
8008,1
8025,1
8048,11
8052,1
8101,1
8108,1
8109,1
8110,1
8133,1
8134,1
8151,7
8155,1
8161,1
8169,1
9246,1
10241,1
10246,16
10292,1
10311,1
10346,1
10381,17
10384,1
10390,1
10399,1
10405,1
10435,17
10440,1
10444,17
10468,1
10497,1
10504,1
10507,1
10563,1
10602,1
10604,8
10608,1
10609,4
10612,13
10618,1
10665,1
10679,1
10727,1
10756,1
10763,1
10770,1
10771,14
10772,1
10804,1
10810,1
10818,1
10821,1
10840,1
10852,1
10855,13
10868,8
10882,1
10921,1
10946,1
10948,1
10949,1
10957,1
10959,1
10994,1
11010,1
11021,1
11033,1
11049,1
11061,1
11068,1
11071,17
11091,1
11107,1
11114,1
11139,1
11168,1
11169,1
11177,1
11185,1
11198,1
11219,1
11223,17
11227,1
11234,1
11253,16
11270,1
11306,1
11316,1
11358,1
11359,17
11381,1
11398,17
11400,1
11405,1
11424,14
11458,1
11461,1
11483,1
11491,1
11500,16
11508,1
11512,1
11521,7
11530,16
11539,1
11548,1
11557,13
11561,14
11575,1
11576,1
11579,1
11590,1
11593,16
11600,1
11603,1
11611,1
11615,1
11656,4
11665,1
11692,1
11709,1
11741,1
11770,1
11771,1
11804,4
11816,1
11819,1
11820,1
11822,1
11828,0
11848,1
11870,1
11882,1
11883,1
11902,1
11919,6
11945,1
11946,1
11948,1
11955,1
11957,8
11965,1
11966,1
11986,1
12000,8
12014,1
12017,1
12031,16
12057,1
12070,1
12101,1
12112,1
12115,1
12131,1
12133,1
12156,1
12158,4
12159,1
12171,1
12175,1
12198,1
12202,1
12205,8
12208,1
12227,13
12259,1
12278,1
12279,1
12282,1
12885,2
13329,1
13337,16
13342,1
13350,1
13366,1
13399,1
13403,1
13404,1
13405,1
13409,17
13416,1
13431,1
13439,1
13464,1
13488,1
13525,4
13527,1
13545,13
13554,0
13563,1
13578,1
13583,25
13592,1
13597,1
13602,16
13607,1
13613,1
13622,8
13718,1
13726,1
13736,16
13739,8
13745,1
13760,1
13765,1
13772,1
13805,1
13815,1
13824,1
13840,1
13843,1
13855,1
13866,1
13871,1
13885,1
13899,1
13941,17
13943,13
13950,1
13975,1
13986,1
14021,1
14025,1
14027,4
14033,1
14040,1
14042,1
14044,1
14046,1
14073,1
14080,11
14090,1
14107,1
14155,1
14180,1
14181,5
14182,1
14192,1
14221,1
14255,1
14257,16
14258,8
14283,17
14289,1
14300,1
14301,1
14303,1
14304,1
14305,1
14307,1
14309,1
14361,11
14362,1
14403,1
14419,1
14423,17
14428,1
14447,1
14452,1
14482,17
14499,1
14509,1
14512,1
14530,1
14532,1
14543,1
14554,1
14558,1
14564,1
14578,1
14586,8
14594,1
14598,1
14600,1
14619,16
14625,1
14626,1
14634,4
14655,16
14682,1
14685,1
14694,8
14703,16
14713,1
14716,1
14748,1
14758,1
14765,1
14770,1
14801,4
14819,1
14821,13
14828,4
14864,0
14887,1
14941,1
14944,1
14948,10
14962,1
14986,4
14989,8
14999,1
15018,1
15021,8
15059,1
15094,4
15098,1
15100,1
15101,1
15117,14
15134,1
15141,1
15148,1
15149,1
15163,1
15184,1
15203,13
15207,16
15215,1
15221,1
15251,1
15267,16
15277,1
15280,1
15320,1
15342,1
16384,4
16387,1
16389,1
16402,14
16424,1
16465,13
16474,8
16511,17
16530,1
16534,1
16556,1
16598,1
16608,16
16631,2
16645,1
16664,1
16721,1
16727,1
16788,4
16794,11
16799,8
16848,1
16860,1
16910,1
16916,14
16929,4
16931,1
16940,13
16948,4
16999,1
17033,1
17039,8
17046,1
17049,1
17065,1
17075,1
17094,13
17115,1
17129,14
17150,1
17171,17
17244,1
17264,1
17285,1
17306,1
17340,1
17341,1
17354,1
17363,1
17366,1
17379,7
17732,1
18447,8
18480,1
18500,14
18504,1
18517,14
18533,0
18539,1
18608,1
18610,1
18614,4
18618,1
18663,1
18672,1
18679,1
18696,0
18724,1
18726,1
18755,1
18785,16
18824,1
18827,25
18830,0
18831,1
18879,14
18902,1
18911,1
18929,1
18969,1
18977,1
18987,8
19055,13
19061,1
19081,1
19095,1
19096,1
19097,1
19105,14
19113,1
19122,1
19125,1
19126,1
19130,1
19139,1
19142,1
19148,1
19165,1
19166,1
19172,1
19201,1
19221,1
19235,1
19248,8
19276,1
19301,14
19306,13
19311,17
19318,1
19334,1
19336,1
19341,1
19349,4
19362,1
19364,1
19386,1
19396,1
19409,1
19414,16
19437,8
19471,8
19499,1
19501,1
19502,1
19514,1
19528,1
19530,1
19538,1
19554,8
19555,8
19556,8
19559,1
19560,16
19567,14
19573,1
19575,1
19606,8
19624,1
19625,1
19627,1
19643,1
19753,1
19755,1
19770,4
19794,1
19821,1
19833,1
19837,1
19850,1
19864,1
19868,17
19879,1
19887,1
19893,1
19905,1
19921,1
19951,1
19975,1
19984,1
19985,1
19997,1
20000,1
20062,16
20065,3
20071,1
20081,1
20082,8
20092,1
20101,17
20111,1
20113,1
20123,1
20151,1
20176,1
20177,1
20205,14
20223,4
20259,1
20282,1
20293,1
20320,1
20349,1
20356,13
20357,1
20383,4
20392,1
20396,1
20402,1
20436,1
20437,1
20443,1
21504,17
21531,1
102,0
122,1
210,17
6510,17
11252,17
243,1
1238,1
9060,2
5058,0
5396,9
6737,9
6882,9
8234,9
8329,9
8463,9
8583,9
8626,9
8858,9
8884,9
9093,9
9104,2
9209,9
12309,9
12515,9
12559,9
12637,9
12761,9
13018,9
13060,9
13286,9
15360,9
15529,9
15584,9
15592,9
15607,9
15663,9
15668,9
15746,9
15875,9
15887,9
15888,9
16076,9
16155,9
16198,9
16210,2
5521,15
5549,15
5605,2
5627,15
8351,15
8360,15
8373,15
8422,15
8442,15
8469,2
8602,15
8735,15
8794,15
8827,15
8852,15
8864,15
8879,15
8925,15
8939,2
8950,15
9066,15
9067,15
9072,15
9099,15
9163,15
9175,15
9188,15
12288,15
12292,15
12313,15
12331,15
12343,15
12355,15
12371,15
12379,15
12466,15
12470,15
12531,15
12555,15
12574,15
12581,15
12595,15
12610,15
12625,15
12638,15
12643,15
12664,15
12678,15
12722,15
12796,15
12813,15
12853,15
12857,15
12892,15
12899,15
12919,15
12930,15
13003,15
13006,15
13012,15
13039,15
13083,15
13152,15
13157,15
13247,15
15374,15
15438,15
15465,15
15486,15
15579,15
15698,15
15709,15
15763,15
15781,15
15813,15
15889,15
15894,15
15904,15
15933,15
15968,15
15987,15
16038,15
16103,15
16152,15
16233,15
16264,15
16356,15
8204,15
13128,15
6123,2
14478,2
5611,2
12471,2
12944,2
15568,2
15766,2
15768,2
2118,29
2588,32
2820,29
3249,11
3301,2
3308,2
5518,32
5571,2
5574,2
5607,2
6690,2
6727,2
6795,29
6820,29
6850,29
8190,8
8213,2
8225,29
8233,2
8289,2
8308,21
8342,29
8359,29
8374,21
8377,2
8535,21
8615,29
8736,9
8747,2
8764,32
9085,21
12383,2
12457,2
12550,29
12580,21
12741,21
12755,2
12869,18
12968,2
13184,2
13269,15
15528,2
15557,2
15571,2
15606,2
15609,2
15652,21
15689,2
15694,21
15696,2
15742,18
15833,21
15855,21
15934,29
15949,21
15997,21
16110,2
16255,2
20485,2
20494,2
20680,21
1273,15
3239,29
5401,2
5464,15
5517,15
6900,2
8309,15
8344,15
8391,15
8397,2
8481,15
8767,15
8843,2
8859,15
12299,15
12312,2
12316,15
12337,15
12348,15
12420,15
12541,2
12544,15
12571,15
12579,15
12611,15
12693,15
12759,15
12886,15
13115,15
13125,15
13140,15
13246,15
13259,15
15446,15
15477,2
15580,15
15594,15
15600,2
15725,15
15726,15
15747,15
15960,15
16060,15
16097,15
16316,15
1309,24
1708,24
1717,24
2223,24
12398,24
775,24
1301,24
1335,5
2107,0
3394,5
8174,5
1583,3
1580,3
5913,3
2831,2
2833,2
2834,2
2836,2
2837,2
2839,2
2841,2
2842,2
2843,2
2846,2
9088,2
12381,2
15980,2
16251,2
2056,10
5686,10
10593,10
14853,10
14854,10
8252,5
1674,5
1687,5
1329,5
1667,5
11313,5
1665,5
1675,5
8738,28
8867,28
8958,28
9117,28
12400,28
12441,28
12619,28
12988,28
13074,28
13093,28
13240,28
15380,28
15976,28
16061,28
3633,11
11625,11
13697,11
13937,11
14007,11
15061,11
15247,11
16438,11
17345,11
17392,11
19062,11
19662,11
772,3
2571,8
3588,8
4179,8
4263,8
10294,0
10583,13
10666,8
10894,8
11188,8
11278,8
11282,8
12186,8
13919,8
14612,1
15041,8
15318,8
16417,8
16650,8
16792,8
16970,8
16991,8
17012,8
17060,8
17155,8
17160,8
17186,8
17308,8
17314,8
18451,8
18507,8
18554,8
18702,8
18807,8
18811,8
18850,8
18985,1
19041,8
19179,8
19701,8
1741,2
3221,2
12630,2
15496,2
544,2
565,2
1739,2
11,0
2274,2
8756,29
1853,2
1877,12
1880,12
2607,12
2852,0
3216,29
3330,2
5388,2
5403,2
5410,2
5423,2
5424,2
5539,2
5578,12
5588,2
5595,2
5604,2
5629,2
6754,15
6761,2
6790,23
6830,2
6862,2
6887,2
8228,24
8246,21
8257,2
8266,2
8327,2
8339,2
8379,2
8437,2
8503,2
8514,2
8525,2
8555,18
8612,2
8642,2
8708,18
8740,2
8778,2
8784,2
8785,2
8787,2
8815,2
8840,2
8913,2
8919,18
8952,2
8992,2
9004,2
9008,2
9044,2
9078,24
9133,2
9143,2
9211,2
12302,18
12350,2
12390,2
12458,2
12508,2
12530,18
12540,2
12552,2
12565,2
12570,2
12636,2
12662,24
12844,2
12852,2
12868,2
12905,2
12955,18
13111,2
13129,2
13214,2
13229,2
13297,2
13299,2
13300,2
15482,2
15520,2
15565,2
15616,2
15635,1
15670,2
15695,2
15703,2
15737,2
15784,2
15915,2
15940,2
15941,2
16115,1
16183,18
16295,2
16298,2
16315,2
20579,2
20667,2
20693,2
1257,2
2120,2
2863,2
2874,2
5492,2
5569,2
8873,2
12563,27
13116,2
15991,2
2380,2
5589,2
5590,2
6835,2
8348,29
99,6
1781,22
9270,22
1237,22
7622,22
7623,22
9628,22
9635,22
9691,22
9754,22
9775,22
9782,22
9868,22
9949,22
10045,22
10052,22
10070,22
10176,22
10197,22
17576,22
17579,0
5651,1
5716,1
6345,1
7181,1
10323,1
10367,1
10653,1
10781,1
13779,1
14729,1
14985,31
17014,1
17113,1
3628,0
3629,0
3685,0
3756,0
4017,0
6074,0
7219,0
7828,0
7931,0
11452,0
11529,0
11722,0
11916,0
13498,0
13972,0
14223,0
14242,0
14433,0
14644,0
14996,0
15065,0
15278,0
17077,0
17214,0
19460,0
19747,0
19916,0
20072,0
20108,0
20306,0
1879,12
11960,9
14011,2
16320,2
18695,2
2612,2
6776,2
8235,2
8271,2
8803,2
12387,2
12649,2
12952,2
13030,2
13267,2
15513,2
15585,2
15978,2
16215,2
16357,2
5500,2
6717,2
8902,2
15680,2
2036,2
6720,2
8670,2
8692,2
679,2
760,2
2494,2
1113,2
1114,2
1117,2
1119,2
1120,2
1205,2
1776,2
1882,12
1883,2
9186,11
12894,11
12318,24
12669,24
12765,24
12806,24
12911,24
8447,2
8940,2
8971,2
9023,2
9119,9
12382,2
12635,2
12766,2
12793,2
13064,2
13068,2
15454,2
16305,2
20704,2
5407,26
9080,26
12767,26
16019,26
16149,26
1984,3
2629,3
2632,3
3866,3
3867,3
3869,3
3870,3
3872,3
3873,3
3874,3
3881,3
3883,3
3890,3
3895,3
4483,3
5232,3
5248,3
5256,3
454,3
509,3
655,3
1556,3
1559,3
1562,3
1564,3
1565,3
1569,3
1589,3
1940,24
261,24
10594,1
2012,23
6668,23
1955,23
2547,23
3219,23
3314,23
3346,23
6711,23
8512,23
14407,1
3110,1
6540,17
7208,1
11668,1
14272,1
3286,2
9022,2
12415,2
16171,2
3293,2
5619,2
13069,2
13212,2
15659,2
15688,2
224,2
8368,2
5386,29
5433,29
5495,29
5568,29
6858,29
8291,29
8402,29
8480,29
8752,29
8997,29
9068,29
12730,29
12820,29
13078,29
13118,29
13215,29
13260,29
15757,29
20632,29
8782,2
12769,2
2920,0
2193,24
2060,24
2202,24
2222,24
2236,24
2259,24
2269,24
2418,24
2457,24
2478,24
13019,24
16088,24
776,24
777,24
1300,24
1303,24
1305,24
1307,24
1720,24
1723,24
1935,24
1939,24
1942,24
2188,24
15655,24
11047,16
12090,16
14467,16
14917,16
17404,16
18964,16
19552,16
19654,16
16014,2
3136,0
7050,0
1951,24
2496,14
2495,14
2701,14
11659,14
13964,14
2515,4
2523,4
2526,4
4459,4
4692,4
4774,6
4777,4
7516,4
7518,4
7519,4
7521,4
7522,4
7531,4
7664,4
7668,4
7670,4
7672,4
7676,4
7682,4
7685,4
9222,4
9357,4
9365,4
9370,4
9371,4
9380,4
9619,4
9621,4
9622,4
9671,4
9824,4
9993,4
10020,4
17512,4
2501,4
2907,4
2500,4
2504,4
2506,4
2508,4
4197,4
4689,4
4717,4
4730,4
2513,4
3460,6
5402,0
9264,0
4713,4
17519,4
3488,4
3510,4
4729,29
7500,4
7661,4
9355,4
2527,4
4673,4
4675,4
4678,4
4680,4
4682,4
4693,4
4702,4
4703,4
4704,4
4715,4
4732,4
4795,6
6894,2
7306,6
7479,4
7514,4
7527,4
7667,4
7677,4
7678,4
7687,4
8069,4
8920,29
9225,6
9369,4
9597,4
9600,4
9605,4
9609,4
10021,4
10362,7
17444,4
2510,4
7502,4
17511,4
7525,4
7665,4
7690,4
9374,4
9607,4
2514,4
7523,4
7671,4
7674,4
9994,4
10743,4
17508,4
7530,4
5417,2
5564,11
15783,2
2897,10
3144,1
3846,1
3944,1
4958,1
6130,1
6137,17
7291,14
7292,1
7293,1
7294,1
7416,1
7426,1
7958,1
7968,1
8083,1
8189,1
8191,1
8927,18
9000,18
10598,1
10667,1
10714,1
10741,3
10942,1
11019,1
11100,1
11182,13
11215,1
11228,1
11261,1
11363,1
11396,1
11397,1
11410,19
11490,1
11501,1
11569,30
11713,1
11731,1
11740,1
11861,1
11903,1
12019,1
12164,1
12242,1
12861,1
13347,8
13391,1
13458,1
13518,13
13729,1
13801,1
13810,1
13926,1
13998,0
14076,1
14125,4
14281,4
14341,13
14494,8
14523,1
14588,8
14967,1
15020,1
15123,1
15126,1
15145,1
15286,1
16439,1
16679,1
16884,13
16984,10
17019,1
17027,1
17081,31
18512,1
18664,1
18998,1
19578,1
19776,1
19796,1
19824,1
20009,1
20170,1
77,1
12268,19
14444,1
19991,13
2524,4
161,1
10204,8
3390,1
2895,29
3218,29
6854,29
8331,29
8482,29
8629,29
8636,29
8904,29
12976,29
15682,29
15835,29
15850,29
16083,29
20628,29
5538,32
8194,32
8206,32
12847,32
12965,32
20548,32
2594,9
2595,9
6664,9
8968,9
3255,18
3343,29
8674,2
1835,2
3240,2
15474,2
1887,21
8501,21
8633,21
8664,21
8766,21
12464,21
15665,21
9187,12
15499,2
2659,11
820,11
2683,29
2848,29
5523,29
8810,29
12925,29
2148,29
2643,29
2688,11
16807,1
3339,28
5425,18
5435,2
6072,2
8227,2
8499,2
8544,28
9041,2
12361,18
12653,2
13206,2
15361,2
15563,2
15666,18
15776,2
16222,18
16229,18
16364,2
18775,30
19232,30
20086,30
20537,2
20596,2
9536,6
9653,6
9906,6
10120,6
9552,6
10147,6
17423,6
2939,1
16942,1
17293,10
2715,7
11415,7
14553,7
1916,7
2716,7
10715,7
10875,7
11097,7
13522,7
19200,7
7555,6
7579,6
7586,6
7598,6
7600,6
7601,6
7606,6
7631,6
7644,6
7647,6
7652,6
7716,6
9240,6
9284,6
9295,6
9314,6
9384,6
9421,6
9449,6
9476,6
9481,6
9508,6
9510,6
9543,6
9585,6
9714,6
9725,6
9792,6
10141,6
10213,6
10216,6
17409,6
17437,6
17536,6
17635,6
17637,6
17643,6
6241,11
11522,11
11814,11
12263,11
19529,11
3344,2
5597,2
7966,8
8421,2
8943,2
20538,2
6788,29
8241,29
8515,29
9039,29
12314,29
13079,29
8598,2
4553,1
4664,22
4908,13
5693,17
6368,13
7611,6
8018,13
9269,6
9848,22
10244,13
10805,13
13835,7
14311,13
14320,13
14405,1
14590,13
14815,13
15060,13
16429,13
16660,10
16771,13
16865,13
19025,13
19026,13
19028,13
19048,8
19084,13
19091,13
19829,13
12427,29
6871,2
8435,2
8635,2
8689,2
8698,2
8716,2
13037,2
13108,2
13114,2
13122,2
15727,2
15899,2
8450,2
8788,18
13103,18
16007,18
16132,2
20703,18
5558,29
2587,29
11428,17
16957,17
17164,17
11173,17
11389,17
14129,17
14445,17
14818,17
5710,30
6083,30
6180,30
7020,30
7390,30
7460,30
10331,30
10798,30
11744,30
14115,30
14516,30
16637,30
16853,30
17148,30
17312,30
19832,30
20011,30
65000,30
7509,4
9367,4
2498,4
2503,4
2520,4
3066,2
3130,14
3328,2
3396,14
3582,14
3612,14
3634,14
3677,0
3727,14
3783,14
3807,14
3838,14
3933,14
3934,14
3949,14
4133,14
4148,28
4222,14
4496,14
4557,14
4645,6
4685,4
4691,4
5707,14
6107,14
6108,1
6210,8
6358,4
6481,0
6493,1
7089,19
7276,14
7346,14
7506,4
7515,14
7629,6
7766,8
7773,14
7853,8
7868,8
7896,14
7929,14
8028,14
8159,17
8851,2
9193,2
9299,11
9329,11
9595,4
9874,6
10012,6
10013,14
10217,14
10279,14
10494,14
10708,14
10732,16
10737,14
10768,14
10836,1
10876,14
10909,14
10945,14
10973,1
11018,4
11045,14
11062,1
11092,1
11115,14
11323,1
11440,4
11509,14
11549,14
11553,1
11646,14
11773,14
11787,14
11837,1
11856,14
11874,14
12078,17
12106,14
12119,4
12204,1
12621,2
13333,1
13340,14
13437,14
13495,7
13615,14
13691,4
13696,8
13749,16
13826,14
13857,14
13884,1
13902,14
13945,2
13962,8
14059,14
14088,14
14110,13
14167,4
14206,1
14263,14
14402,14
14585,14
14609,14
14623,14
14668,2
14715,14
14718,14
14896,14
15164,1
15270,0
15273,14
15302,14
15412,11
15676,11
16489,1
16715,14
16745,1
16821,1
16902,14
16915,14
17318,14
17378,14
17407,14
18477,18
18555,0
18630,1
18692,4
18711,14
18776,14
18820,14
18888,14
18989,8
18990,8
19102,14
19261,1
19284,8
19359,14
19525,14
19641,17
19798,14
19939,14
19994,1
20034,13
20096,8
20120,14
20300,14
20469,17
8,14
234,14
267,14
278,7
3141,7
3968,7
7184,7
7974,7
8140,7
11087,7
18592,7
290,14
302,14
1798,14
2568,8
11777,8
12230,8
4728,4
4733,4
7513,4
7669,4
9593,4
9599,4
17504,4
7424,17
7247,2
7432,2
11893,1
16668,2
19363,2
3107,2
11050,1
3211,2
3745,15
15417,2
15722,2
15739,15
16024,15
3296,24
8255,24
8362,24
8399,2
8567,24
8677,24
8723,24
8799,24
8908,24
8921,24
8948,24
9098,24
9159,24
9180,24
9210,24
12303,24
12341,24
12366,24
12412,24
12523,24
12601,24
12642,24
12733,24
12744,24
12771,24
12826,24
12863,24
12864,24
13034,24
13050,24
13223,24
15382,24
15401,24
15422,24
15436,24
15551,24
15567,24
15574,24
15832,24
15841,24
15846,24
16017,24
16048,24
16071,24
16114,24
16204,24
16236,24
16275,24
20584,24
2129,24
2158,24
2917,24
12807,24
12865,24
3312,29
6819,29
6856,29
8570,29
8580,29
8592,18
8634,29
8675,29
8825,29
8901,29
9107,29
12418,29
12686,29
12979,29
13004,29
13075,29
13105,29
13165,29
13192,29
13238,29
13257,29
15610,29
15736,2
16043,29
16301,29
16345,29
20490,29
20543,29
6743,2
3253,29
8511,29
20535,29
5420,2
8526,2
12597,2
15793,2
1930,0
3251,0
5516,0
8657,11
12833,0
15898,29
3254,18
3319,18
6703,18
8192,18
8258,18
12593,18
12687,18
12792,18
12984,18
13107,18
15458,18
15461,18
15615,18
15820,18
16223,18
16324,18
20586,18
20754,18
3313,9
3342,2
5385,2
5392,2
5394,9
5399,2
5405,2
5427,2
5557,2
6067,2
6659,2
6675,24
6696,2
6728,2
6735,2
6740,26
6771,2
6774,2
6798,2
6829,2
6841,4
6848,2
6873,2
8195,2
8196,15
8198,2
8247,2
8251,2
8272,2
8304,2
8319,2
8426,2
8445,2
8472,15
8477,2
8520,2
8560,2
8607,2
8647,2
8650,2
8653,2
8656,2
8733,2
8741,2
8743,2
8763,2
8792,2
8823,15
8862,2
8928,2
8957,2
9007,2
9105,2
9120,2
9126,15
9130,24
9167,2
9170,2
9191,2
9200,2
12306,2
12308,2
12320,2
12321,2
12419,2
12422,15
12447,15
12450,2
12512,2
12554,2
12568,2
12573,2
12577,2
12606,2
12612,2
12825,2
12876,2
12895,2
12897,2
12923,9
12967,2
12971,2
13201,2
13231,2
13265,2
14707,2
15385,2
15550,2
15598,2
15803,2
15965,2
16378,2
65500,6
2131,2
2486,2
12322,2
2611,2
9208,2
2871,2
8622,2
8687,2
8820,2
8892,2
9181,2
12584,15
15700,2
15838,2
3228,9
8722,9
15923,9
16052,9
20487,9
5436,2
8361,24
8497,24
8528,24
8780,24
8839,24
8964,24
8983,24
9003,24
10806,24
12395,24
12409,24
12557,24
12566,24
12645,24
12696,24
12893,24
12953,24
13221,24
13290,24
15543,24
15809,24
15890,24
15903,24
16057,24
16073,24
16080,24
16208,24
16252,24
20585,24
72,24
15711,2
2135,2
5624,2
6709,2
6834,2
8989,2
12483,2
12633,2
13057,2
13120,2
13194,2
15389,2
15411,2
15564,2
16245,2
2109,2
3272,2
3305,2
3329,18
6661,2
6736,11
6799,18
6844,28
8259,2
8573,18
8673,2
9083,2
12298,18
12469,2
12547,2
12560,2
12602,2
12667,2
12731,2
12948,2
12960,2
13131,2
13248,2
15483,9
15702,2
20581,2
2007,2
3244,23
15410,23
8702,2
12692,2
15782,2
15893,2
16123,2
1729,2
8659,2
9025,2
9042,2
9108,2
12403,2
12511,2
12620,2
12750,2
12772,2
12776,2
12928,2
13277,2
15470,2
15532,2
15581,2
15661,2
16133,2
16267,2
16319,2
20493,2
559,2
4128,1
8201,2
8270,2
8375,2
8476,1
12392,2
15583,2
6904,24
12428,9
12650,9
12835,9
12913,9
12922,9
12954,9
12974,9
13047,9
13175,9
13180,9
15481,9
15515,9
15660,9
15715,9
15981,9
16004,9
16161,9
16177,9
16219,9
5391,9
5483,23
6821,18
6878,2
8412,2
8578,15
8593,15
8866,18
9059,15
9115,15
9138,15
9197,15
12291,15
12431,15
12456,15
12553,15
12558,15
12658,15
12665,15
12915,15
12941,15
13091,15
13130,15
13282,15
13530,15
15368,15
15387,15
15434,15
15451,15
15456,15
15540,15
15590,15
15779,2
15790,15
15794,15
15854,15
15982,15
5546,27
8240,27
8285,27
13272,27
8401,2
8468,2
8942,2
12378,2
12519,2
13026,2
15988,2
16162,2
9128,18
15439,18
15764,18
16234,18
15927,2
5583,2
6905,2
8586,2
8608,2
8651,2
12315,2
12414,2
12838,2
12871,2
15879,2
16237,2
20481,2
6775,2
2586,2
6810,28
6875,28
12736,28
15708,28
15975,28
16158,28
3267,29
3351,29
5567,29
6857,29
8753,29
8915,29
9111,29
9157,29
13035,2
15643,2
15845,2
4539,8
4569,7
4965,8
5740,8
6182,8
6221,13
6489,8
6525,8
6621,1
6921,8
7118,8
7169,8
7201,8
7372,8
7458,8
7947,8
7956,8
8010,8
8059,1
8081,8
10265,8
10310,8
10565,8
10573,1
10576,8
10753,8
10811,10
11083,8
11194,25
11267,2
11345,8
11386,14
11594,8
11766,8
11776,8
12024,8
12206,8
12210,14
12211,14
12212,8
12215,14
12266,8
13385,8
13410,8
13425,6
13533,8
13556,8
13557,16
13640,8
13649,17
13658,8
13711,8
13787,8
13827,8
13845,8
13953,8
14024,8
14039,8
14068,8
14313,4
14355,8
14385,8
14388,8
14409,8
14492,8
14504,8
14528,8
14633,8
14688,8
14726,8
14749,8
14841,8
14849,8
14900,1
14913,8
14938,1
14949,14
14983,8
15136,8
15272,8
15315,8
16386,8
16399,4
16440,8
16441,8
16442,8
16443,8
16445,8
16447,8
16449,8
16452,8
16518,11
16562,8
16577,8
16582,8
16610,8
16615,8
16618,8
16626,8
16647,8
16685,7
16812,8
16841,8
17134,8
17156,8
17158,8
17334,11
18530,11
18559,8
18566,8
18607,13
18652,8
18732,4
18863,8
18905,10
19068,4
19082,8
19116,17
19151,10
19187,0
19326,8
19614,8
19710,8
19786,6
19817,8
20022,8
20023,8
20041,8
20074,8
20172,8
20366,8
561,8
762,8
792,8
3662,6
3369,1
5103,1
11129,16
11301,16
13700,16
19129,16
3506,0
7202,0
2553,0
7467,6
4782,6
7478,6
7483,6
9216,6
9283,6
9674,6
9679,6
9917,6
10229,6
17416,6
17421,6
6488,4
7283,4
13918,4
1706,4
4198,1
5641,1
7962,1
7985,1
11551,1
11704,1
18963,1
19044,1
7454,11
10354,11
14112,11
19531,11
19728,11
16903,1
5814,3
4211,4
4755,6
5033,4
6950,4
6954,4
6999,8
7351,4
7503,4
7673,4
7683,11
7686,11
7883,4
7936,4
7976,4
8057,11
8731,2
9145,2
9304,6
9603,4
9610,4
9823,6
10007,4
10032,4
10759,10
11042,18
11162,4
11206,4
11220,1
11271,7
11325,1
11378,4
11480,4
11669,8
11880,8
11899,1
11913,1
12092,4
12176,1
12220,4
12236,4
13163,4
13207,4
13219,4
13744,1
13853,1
13956,4
13982,2
13985,4
14001,1
14349,1
14413,4
14446,4
14569,4
14592,4
14642,14
14677,17
14741,1
14757,4
14869,1
14895,4
14936,4
14991,16
15079,1
15300,16
15310,4
15331,4
15347,4
15504,4
15516,4
15664,4
15862,2
15870,8
15872,4
15878,8
15936,4
16395,13
16396,4
16405,4
16412,4
16455,4
16471,7
16502,4
16508,4
16544,4
16555,1
16561,8
16595,16
16713,4
16739,0
16809,1
16842,4
16993,4
17034,16
17093,4
17184,0
17201,8
17256,1
17301,4
17311,17
17435,6
17506,6
18439,4
18448,4
18640,4
18665,1
18712,4
18786,4
18809,4
18950,4
18992,8
18993,13
18994,8
18995,8
18996,4
18997,8
19012,0
19193,4
19202,4
19358,1
19381,1
19421,4
19504,4
19535,17
19548,25
19609,4
19681,4
19764,4
19897,4
19934,4
20012,4
20078,1
20083,1
20419,4
20495,4
1932,4
2519,4
3043,4
14323,4
3512,4
11842,1
5081,2
6596,2
15353,2
3564,1
3700,8
3814,1
4057,1
4181,1
4261,1
4281,1
4449,1
4568,14
4609,6
4670,22
4765,6
4947,1
5416,11
5536,11
5639,1
5683,1
5742,1
6118,1
6127,11
6296,1
6307,1
6312,1
6436,1
6535,7
6587,1
6600,1
6639,11
6648,11
6678,2
6697,18
6846,18
6849,18
6893,2
6946,1
7004,7
7011,17
7068,1
7105,1
7127,1
7133,1
7137,11
7153,1
7217,1
7232,13
7234,14
7310,1
7312,1
7526,4
7757,1
7782,1
7835,1
7844,1
7867,1
7881,8
7933,1
7955,1
8117,1
8400,15
8524,11
8680,2
8760,2
9052,2
9116,28
9198,29
9238,6
9471,11
9623,6
9658,6
9910,6
10295,1
10353,1
10358,1
10395,1
10408,1
10464,1
10545,0
10588,14
10632,14
10660,1
10690,1
10696,1
10718,1
10784,1
10796,1
10813,8
10857,1
10926,14
10930,1
10966,14
10981,13
10984,1
11005,1
11038,1
11056,16
11073,1
11134,1
11183,16
11190,1
11247,1
11248,1
11269,1
11277,1
11288,1
11304,0
11343,1
11357,1
11421,1
11426,1
11492,1
11524,1
11556,1
11589,1
11618,1
11622,14
11701,1
11707,1
11712,10
11717,16
11833,1
11857,1
11895,1
11905,1
11906,1
11924,1
11931,1
11963,1
11976,1
11987,16
12020,1
12067,1
12116,1
12124,1
12191,1
12229,16
12243,1
12260,1
12270,1
12297,29
13186,2
13343,1
13346,1
13367,1
13390,1
13427,1
13434,1
13491,1
13502,16
13513,1
13551,1
13552,1
13559,8
13565,1
13685,1
13762,1
13786,13
13802,1
13860,1
14060,1
14136,1
14217,13
14260,1
14346,7
14391,8
14425,13
14436,8
14498,1
14559,1
14631,1
14652,1
14684,1
14686,1
14733,1
14790,1
14798,1
14843,1
14852,1
14858,1
14873,10
14906,1
14925,8
14980,1
15019,1
15026,1
15142,1
15169,8
15195,14
15229,1
15262,1
15314,1
15327,1
15484,1
15612,1
16398,8
16475,1
16477,1
16481,1
16485,1
16513,1
16551,13
16553,16
16566,1
16568,1
16587,1
16603,16
16620,4
16684,1
16688,16
16695,1
16699,1
16763,1
16768,1
16778,1
16875,1
16901,1
16950,8
17151,1
17162,16
17190,1
17193,1
17198,1
17273,20
17281,1
17332,1
17362,0
17495,6
18453,1
18543,13
18611,1
18612,1
18708,1
18710,1
18843,1
19009,1
19015,1
19029,1
19071,1
19072,1
19138,0
19169,1
19191,1
19255,1
19374,1
19384,1
19452,1
19511,1
19523,1
19613,1
19739,4
19749,1
19765,1
19840,1
19860,1
19955,1
19976,1
20037,1
20073,1
20155,1
20230,25
20250,1
20258,1
20317,1
20369,1
20422,1
116,1
167,1
555,3
688,1
1251,1
1906,1
2035,1
2707,1
2894,1
3081,1
3368,1
3392,1
3503,0
4600,14
3597,7
4387,7
676,7
10834,7
4143,11
4469,11
4509,11
5755,11
7307,11
7456,11
7826,11
11290,11
12059,11
13319,11
13480,11
13594,11
13773,11
14191,11
14562,11
14752,11
15102,11
16914,11
18705,11
19086,11
19188,11
851,11
7563,22
9316,22
9494,22
9768,22
3632,7
1840,7
271,11
4605,6
7651,6
3661,6
4641,6
13777,16
4201,14
6366,14
7396,14
13327,1
14271,1
19304,1
1657,1
6936,8
7961,8
15295,8
19876,8
3776,4
4302,3
5324,3
37,3
84,3
7154,30
10474,30
10922,30
11157,30
11845,30
14988,11
15159,30
16800,30
19847,30
19281,4
19506,4
7472,6
7634,6
9247,6
9292,6
9506,6
9719,6
9877,6
9892,6
1872,6
3613,6
19940,13
9235,4
10629,4
15316,4
4660,22
4663,22
4668,22
4745,22
4791,22
6068,22
7470,6
7557,22
7558,22
7559,22
7564,22
7620,22
9452,22
9459,22
9490,22
9493,22
9522,22
9525,22
9526,22
9529,22
9530,22
9531,22
9532,22
9569,22
9575,22
9577,22
9581,22
9629,22
9631,22
9634,22
9637,22
9643,22
9644,22
9646,22
9685,22
9688,22
9692,22
9693,22
9695,22
9696,22
9697,22
9699,22
9700,22
9702,22
9703,22
9704,22
9709,22
9753,22
9755,22
9759,22
9762,22
9765,22
9766,22
9767,22
9770,22
9771,22
9777,22
9779,22
9784,22
9842,22
9843,22
9844,22
9847,22
9852,22
9854,22
9857,22
9858,22
9860,22
9866,22
9946,22
9947,22
9950,22
9959,22
9967,22
9971,22
9973,22
9977,22
9979,22
9981,22
10037,22
10039,22
10041,22
10043,22
10047,22
10051,22
10054,22
10056,22
10058,22
10064,22
10066,22
10154,22
10161,22
10162,22
10164,22
10167,22
10168,22
10172,22
10173,22
10174,22
10182,22
10185,22
10189,22
10196,22
17569,22
17570,22
17575,22
17578,22
17582,22
3748,22
3784,22
11670,1
11237,7
6361,1
11942,1
20311,1
11070,1
14565,1
16923,1
18741,1
20144,2
3857,16
3663,16
4306,17
7359,17
11547,17
11950,17
13606,17
13651,17
13983,17
14018,17
14606,17
14942,17
17022,17
17139,17
17207,1
18516,17
18849,17
18913,17
18945,17
18952,17
19410,17
19463,17
19588,0
19694,17
20036,17
20136,4
104,0
2900,0
3575,17
16094,17
11638,13
16648,13
34,0
14618,13
4259,8
5088,8
6129,8
6132,8
6354,1
6500,8
6508,8
6565,8
7104,8
7280,8
7750,1
7829,8
10470,8
10750,8
11174,8
11216,8
11251,8
11531,6
11686,8
11695,8
11697,8
12008,8
12125,14
12137,8
12157,8
13362,8
13426,6
13910,8
13912,8
13917,8
14245,8
14451,8
14747,14
14916,6
14922,8
15001,8
15096,8
15128,8
15226,1
15250,8
16669,8
16840,8
16930,8
17110,8
18542,8
18653,8
18730,8
18740,8
18746,8
18784,8
19078,8
20046,8
4790,22
4961,22
9272,22
9523,22
9571,22
9579,22
9761,22
9781,22
9845,22
9846,22
9862,22
9864,22
9871,22
9943,22
10038,22
10057,22
10163,22
10177,22
10181,22
10183,22
10184,22
4002,11
4003,11
4004,11
4805,6
4862,6
6505,7
6826,11
7618,11
7927,11
7980,11
7984,11
7994,11
3790,11
8668,11
10569,9
14920,11
19711,11
6112,10
11170,10
12083,10
14824,10
15138,10
16830,10
17309,1
18747,7
18864,5
19590,8
19962,10
20020,10
11626,1
4352,6
4610,6
4624,6
4654,6
4658,6
4748,6
4764,6
4773,6
7484,6
9409,6
9504,6
9538,6
9665,6
9876,6
9879,6
10087,6
10107,6
10210,6
10231,6
17449,6
17487,6
17540,6
17541,6
17553,6
1778,3
4109,3
4808,6
4813,6
9389,6
9394,6
65120,6
7996,10
13858,10
4993,1
7344,8
7439,1
10621,1
10985,1
11191,1
6377,14
5772,7
6125,7
6543,7
7162,7
7313,7
7365,7
7465,7
8141,7
8167,7
10412,7
10429,7
10454,7
10670,7
10688,7
10704,7
10733,7
10954,7
11156,7
11180,7
11390,7
11431,7
11432,7
11644,7
11706,7
11801,7
11802,7
11835,7
11844,7
11896,7
11921,7
11993,7
13353,7
13459,7
14026,7
14030,7
14204,7
14463,7
14571,7
14692,7
14840,7
14868,7
15030,7
15180,7
15201,7
15256,7
16606,7
16885,7
16891,7
17329,7
18479,7
18739,7
19089,7
19090,7
19960,7
20044,7
20266,7
6522,19
11534,19
16500,19
13370,17
4167,17
13876,1
13331,14
10680,16
13352,16
13469,16
13690,16
14152,16
14334,16
14458,16
14533,16
15244,16
15306,16
16707,16
16782,16
16980,16
18585,16
18668,16
19076,16
19080,16
19572,16
20068,16
20109,16
20265,16
20303,16
20398,16
20456,16
20465,16
3956,16
11289,8
17023,8
4270,7
5692,7
4511,3
3681,3
4780,2
5419,2
5503,2
5631,2
6403,2
6597,1
6665,9
6718,11
8245,2
8277,2
8330,2
8332,2
8333,2
8366,2
8553,2
8575,2
8686,2
8871,2
8897,2
8910,2
8977,2
8980,9
9026,2
9165,2
9189,2
11127,18
11825,2
12110,2
12168,2
12193,2
12267,2
12339,2
12401,2
12435,2
12614,2
12652,2
12721,2
12779,2
12787,2
13049,2
13198,2
13226,2
13913,2
13974,2
14108,2
14477,2
14679,2
14721,2
15554,2
15758,2
15957,2
15979,2
16095,2
16195,2
16341,2
16406,2
17125,2
17304,2
17374,8
17388,2
18551,2
19475,8
19507,2
20751,2
3248,2
3302,9
5510,9
12474,9
12505,9
12514,9
13182,9
13254,9
13291,8
15437,9
15553,9
15561,9
15750,2
16027,9
16042,9
10489,4
11308,4
11667,4
19505,4
10758,16
11937,16
13847,16
17274,16
13348,14
3794,14
9716,6
9941,6
10441,1
10792,14
10935,25
12250,1
12255,14
13369,1
14172,6
14577,8
15121,1
17101,1
17124,1
17238,8
18444,13
18917,8
19698,1
3718,1
3947,1
4497,1
14178,7
19919,1
7582,6
4621,6
4651,6
4762,6
9411,6
9546,6
9551,6
9562,6
9741,6
17479,6
3839,6
17547,6
17560,6
4631,6
6686,6
9742,6
9938,6
4142,6
4647,6
4858,6
7499,6
7619,6
7705,6
9417,6
9444,6
9474,6
9726,6
17500,6
17724,6
4515,6
9242,6
9935,6
4623,6
4644,6
4655,6
4656,6
4747,6
4760,6
5384,6
7540,6
7578,6
7642,9
9221,6
9230,6
9236,6
9326,6
9420,6
9590,6
9666,6
9740,6
9808,6
9878,6
9925,6
10025,6
10027,6
10080,6
10146,6
17458,6
17475,6
17564,6
17619,6
17624,6
17653,6
2008,6
9293,6
9926,6
10116,6
9245,6
9303,6
9325,6
9432,6
9503,6
9872,6
9889,6
10022,6
681,6
7487,6
7568,6
7613,6
7616,6
7636,6
7654,6
7715,6
9315,6
9744,6
9834,6
9931,6
4274,6
9486,6
17489,6
4618,6
4767,6
9715,6
9835,6
10028,6
9335,4
9419,6
17548,6
17617,6
9457,22
10060,22
9491,22
9524,22
9645,22
9856,22
9980,22
10042,22
10069,22
10165,22
10001,4
4700,4
7663,4
9998,4
17513,4
4707,4
4720,4
9351,4
9353,4
9359,4
9379,4
9613,4
9995,4
9999,4
10009,4
17514,4
3084,4
4681,4
4688,4
4718,4
4714,4
7490,4
9615,4
4696,4
9602,4
9991,4
17523,4
17528,4
2509,4
4709,4
7512,4
9352,4
10006,4
10018,4
17525,4
4683,4
4711,4
4796,4
9356,4
9368,4
9601,4
9614,4
9618,4
9997,4
10000,4
17503,4
2512,4
4723,4
9354,4
10002,4
10003,4
10004,4
10011,4
10019,4
17527,4
4719,4
9382,6
17473,6
9556,6
10131,11
4433,11
4861,22
10068,22
9554,6
10086,6
9796,6
9825,6
9829,6
9830,6
10077,6
10095,6
10106,6
10125,11
10199,6
17439,6
17447,6
17471,6
17488,6
17632,6
17648,11
2697,11
9794,6
17658,6
17725,6
4434,6
4776,6
6831,6
9345,6
9511,6
9727,6
9731,6
9736,6
9887,6
17646,6
7485,6
7596,6
9649,6
7621,22
7626,22
7627,22
9271,22
9273,22
9274,22
9275,22
9276,22
9320,22
9321,22
9322,22
9323,22
9455,22
9488,22
9489,22
9527,22
9570,22
9572,22
9576,22
9630,22
9642,22
9647,22
9684,22
9686,22
9687,22
9694,22
9705,22
9706,22
9708,22
9756,22
9757,22
9760,22
9774,22
9776,22
9778,22
9780,22
9840,22
9849,22
9850,22
9865,22
9867,22
9870,22
9944,22
9954,22
9956,22
9958,22
9961,22
9962,22
9965,22
9966,22
9968,22
9970,22
9974,22
9982,22
10034,22
10049,22
10065,22
10067,22
10071,22
10159,22
10169,22
10178,22
10180,22
10187,22
10188,22
10190,22
10191,22
10192,22
10195,22
10198,22
17568,22
3813,22
3825,22
4665,22
4671,22
4749,22
3836,6
9338,6
9431,6
9433,6
9436,6
9470,6
9495,6
9790,6
17649,6
10224,6
17433,6
4743,6
9232,6
9442,6
4759,6
7534,6
7710,6
9924,6
7694,6
9788,6
17551,6
17669,6
7544,6
9290,6
9833,6
10152,6
17464,6
3918,6
4789,6
4538,0
9407,0
10171,22
7638,6
7640,6
9801,6
9805,6
9939,6
7639,6
9395,6
9803,6
9806,6
9809,6
9814,6
9815,6
9817,6
9818,6
9819,6
9307,6
9265,6
9528,22
9689,22
9381,6
10099,6
10108,6
10118,6
17451,6
6057,7
7049,7
8066,7
10277,7
10318,7
10452,7
10481,7
10671,7
10785,7
10795,7
10986,7
11008,7
11014,7
11193,7
11256,7
11311,7
11315,7
11373,7
11411,7
11450,7
11451,7
14232,7
14664,7
16772,7
17069,7
18496,7
6260,1
7784,1
16498,19
16554,1
19674,1
64555,1
19118,11
752,2
10589,1
8148,16
10377,16
10386,16
10765,16
11544,16
11671,16
14278,16
14367,16
14371,16
14738,16
16904,16
18454,16
18699,16
14384,1
7272,0
12118,0
9,0
3999,0
9763,14
7880,1
10024,9
12323,2
13218,2
15926,2
16353,2
11051,8
13573,8
18932,0
5104,0
5105,0
8207,2
8363,18
8415,18
8705,18
8923,29
9152,29
9202,18
12369,18
12778,9
12903,18
12914,2
13124,18
13202,18
16145,9
2614,18
13210,18
3245,18
5421,18
13268,18
20682,18
3261,18
5598,18
8693,18
8856,18
9213,18
12681,18
12704,18
12706,18
12780,18
13106,18
15785,18
15800,18
5504,18
5587,2
8546,2
12927,2
13017,11
15463,2
15639,2
15710,2
15729,2
16304,2
20547,2
20577,2
20652,2
12762,2
9110,29
5428,2
6656,2
15654,2
2172,2
6794,9
8585,9
12810,9
13046,9
15994,9
2108,0
15469,2
5481,9
8265,9
12533,9
12719,9
15720,9
15788,9
16035,9
6669,2
6684,9
6689,2
6764,2
6877,18
7590,6
8433,2
8562,2
9021,18
9557,6
12486,2
12801,2
12880,2
12981,18
12997,2
13205,2
15494,2
15572,2
15724,2
15951,2
16134,2
5512,2
16381,2
6721,26
16246,26
5408,18
5470,18
5489,18
6744,18
6867,18
8248,18
8253,18
8278,18
8522,18
8581,18
8611,18
8617,18
8618,18
8643,18
8700,18
8762,18
8991,18
9069,18
12364,18
12402,18
13092,18
15690,18
15948,18
20551,18
2546,18
3268,18
3323,18
6751,2
8230,2
8610,15
8917,2
13251,15
5519,2
12932,2
12656,2
13042,2
20646,2
8853,15
9073,15
12718,15
13232,15
8591,2
137,0
5445,0
5457,0
8912,2
15770,2
15914,2
6852,2
5494,2
8914,2
13025,2
15502,2
15814,11
3347,11
5513,23
5561,23
5565,23
8448,23
8579,23
9024,23
16015,23
8947,28
12752,28
15425,28
15823,28
1241,18
8335,18
8388,18
8951,18
15414,18
15430,18
15536,18
15617,18
15853,18
16013,18
8818,2
9158,2
12900,2
5491,2
5382,2
13266,2
3269,9
5502,9
5609,9
6840,9
8564,9
8754,9
8822,9
8978,9
12373,9
12434,9
12445,9
12468,9
12607,9
13113,9
13145,9
13253,9
15691,9
15714,9
15807,9
16021,9
16297,9
20580,9
20604,9
20707,9
6332,7
6400,11
6412,11
6487,6
6713,9
6719,2
6752,2
6853,11
6897,2
7444,1
7855,11
8284,11
8338,18
8346,11
8529,11
8697,11
10282,11
12493,11
12617,28
13568,11
15834,11
16028,11
17558,11
19767,11
2199,11
2471,11
2609,9
2854,29
8382,29
8393,18
8443,29
8829,29
8888,29
9032,29
12397,29
12487,29
12517,29
12695,29
12790,29
12821,29
12951,29
13062,29
13071,29
13225,29
13227,29
15531,29
15632,29
15672,29
16287,29
20483,29
20575,29
2860,11
8458,11
9118,11
12527,11
12603,11
13200,11
5465,11
16185,11
5509,11
5596,23
8317,2
764,2
1732,2
3274,2
5473,2
3243,11
8609,11
8826,11
12542,11
15749,11
6851,32
12443,32
12509,32
12525,32
12587,32
12957,32
12983,32
13244,32
15775,32
15827,32
6902,2
8844,2
12703,2
12855,2
15519,2
15822,2
16260,2
5482,2
12598,15
12680,15
8728,27
8495,15
8793,15
8899,15
9183,15
12438,15
13261,15
15644,15
6757,2
9169,2
12370,2
13053,2
15601,2
8786,2
13063,2
13104,2
16117,2
20626,2
8796,11
8510,29
6671,29
6874,29
8324,29
8336,29
8411,29
8623,29
8663,29
8684,29
8775,29
8981,29
12448,29
15489,29
16308,29
2875,29
3058,29
5572,29
6699,29
12724,29
3316,29
6868,29
6880,29
8370,29
8409,29
16033,29
3325,29
3335,29
5468,29
5471,29
12738,2
6726,12
8290,12
8620,12
8679,12
15962,12
16160,12
16317,12
6518,2
15512,2
8527,24
8554,24
8999,24
9036,24
9121,18
12362,24
12372,24
12417,24
12832,24
13193,24
16077,24
16140,24
16211,24
20529,24
5560,24
12377,2
12411,2
16286,2
13160,9
6896,9
12644,9
16104,9
2610,9
9064,18
12439,18
12674,18
12698,18
15627,18
15856,18
16047,18
16292,18
20671,18
3233,18
12921,18
20524,18
6838,2
8757,2
9179,2
9212,2
13173,2
15716,2
16006,2
5617,21
8267,21
8286,21
8459,21
8798,21
8965,21
12346,21
12476,21
12618,21
12743,21
12824,21
12827,21
12966,21
12990,21
13065,21
13086,21
13110,21
13179,21
13255,21
15443,21
15503,21
15593,21
15798,21
15905,21
15967,21
16138,21
16167,21
16290,21
16296,21
16342,21
16366,21
16380,21
20540,21
20553,21
20555,21
5616,21
6818,2
15671,15
6114,17
10345,17
10496,17
10557,17
10587,17
10918,17
11152,17
11274,17
11292,17
11406,17
11639,17
11699,17
12030,17
12165,17
12284,17
13653,8
13818,1
13946,17
14312,17
14380,17
14440,1
14570,17
14739,17
16403,17
16503,17
16523,1
16550,17
16667,17
16749,1
16784,17
18561,17
18684,17
19163,8
19416,17
19549,17
19640,17
19716,4
19785,17
20030,17
3911,17
4367,17
4997,17
8091,1
11602,0
11607,0
11736,0
14373,8
17047,4
8539,2
8669,2
12432,2
12628,2
19981,2
3352,2
9075,2
9192,2
15369,2
15548,2
15630,2
15699,2
15912,2
16225,2
6239,13
6344,8
6394,13
7360,13
11099,13
14421,13
15344,13
17043,13
18467,8
18715,13
18823,13
2013,13
3734,13
13968,1
7071,8
10501,8
10749,8
11166,8
11687,8
12075,8
13763,8
13863,8
14164,8
14521,13
15182,8
16704,8
16966,8
17218,8
18578,8
18720,8
6492,8
12051,8
19220,8
7735,4
14213,4
7411,1
13550,1
11675,14
19147,4
5687,2
4982,2
14661,11
14979,17
7023,1
7098,1
7436,1
7807,1
10475,1
10654,1
10823,13
10887,1
10943,1
10990,1
11586,1
11878,1
11917,1
12085,1
13503,1
13706,1
13715,1
14476,1
14728,1
14787,1
14863,1
15150,1
15198,1
15322,16
16820,1
16866,1
16873,1
17246,1
18518,1
18569,1
18778,1
19149,1
19204,20
19285,1
19943,17
19948,1
20236,1
1808,1
3407,2
6188,17
6322,17
11142,17
18965,17
10812,14
6089,30
8094,30
12258,30
16416,30
2018,30
6688,6
8035,6
2042,6
10111,6
4295,6
4661,6
4793,6
5731,1
4265,1
10372,16
10853,16
11596,16
14161,16
15009,16
20138,16
17356,4
4601,1
843,11
5764,11
11478,11
14537,11
19515,11
19157,1
2721,3
1317,3
14234,7
16732,7
1797,7
11131,0
8038,2
13769,1
19713,8
3803,2
4527,1
7026,1
5101,1
18928,17
4778,2
15804,11
11179,0
13455,0
14697,0
18970,0
19720,0
11637,17
13394,1
19751,1
7195,7
16528,7
17079,7
19583,7
20076,11
6298,13
7756,13
10746,13
11330,13
12108,18
13334,13
13364,13
13478,13
13493,13
13520,13
13771,13
14359,13
14611,13
14710,13
14785,8
14937,13
15110,13
15218,13
18635,13
18838,13
6161,13
14153,1
20307,1
6570,10
12272,10
15152,10
16426,3
3996,3
10256,13
19474,13
11231,1
11052,17
19831,1
4376,1
11066,1
18761,1
11307,14
14517,14
19915,14
14690,4
18806,4
19551,4
6086,4
8142,1
11794,1
13944,1
14228,1
14470,1
14269,0
20047,1
7789,1
1965,10
7965,1
15118,0
17196,0
5656,0
18999,0
10482,11
19016,11
19075,11
19875,11
7314,1
7333,1
7431,33
7737,1
7767,1
7986,1
8175,4
8180,1
10263,1
10510,1
10538,1
10689,1
10692,1
10710,8
10766,1
10815,1
11027,1
11054,1
11205,1
11209,1
11370,1
11402,1
11543,1
11565,8
11864,8
11918,1
11978,1
11988,1
12084,1
13354,1
13396,1
13654,1
13740,1
13973,1
14635,1
14724,1
14725,1
14823,16
14951,1
15209,1
16468,19
16678,19
16760,1
16806,1
16823,1
16867,1
17161,8
17333,14
17393,1
17441,1
18586,1
18649,1
18754,13
18817,1
18866,1
18871,14
18891,1
18923,8
19034,1
19141,1
19185,8
19337,1
19532,1
19550,16
19566,1
19650,1
19697,1
19922,1
20131,1
20179,1
20280,1
1787,1
4239,14
6144,1
8076,0
11279,0
268,0
295,0
6561,1
17086,1
10742,19
14953,19
16883,3
6356,0
16473,8
4454,8
19841,8
15212,1
16565,1
19685,1
3464,10
10364,10
7238,1
14351,14
14503,8
14698,1
15084,1
15243,19
16588,31
16750,1
17157,1
18858,1
19241,1
19303,1
19332,7
20269,1
20274,1
6335,1
7254,1
10403,1
11069,1
14333,1
8961,11
11995,1
8372,2
16761,1
6715,11
6731,29
7001,11
7199,11
7491,6
7565,11
7997,11
8007,7
8160,11
8376,11
8452,11
8470,29
8781,11
8926,29
8934,11
9050,11
9410,11
9430,11
9534,6
9927,11
10096,11
10226,11
10307,11
10687,11
11342,11
11367,11
12376,18
12524,11
12632,18
12713,18
12883,18
12969,11
13000,11
14651,11
15146,10
15471,11
15475,11
15577,11
15605,11
15825,28
16506,11
16844,11
17108,7
17250,7
18622,11
18678,11
20294,11
3208,18
3603,11
4741,6
5071,11
5522,32
15995,32
6147,11
6429,7
13643,7
14560,7
14966,7
16874,7
17147,7
18822,7
18941,7
19244,7
19338,7
19632,7
20191,7
20361,7
7010,2
7086,2
7252,14
7783,2
8121,0
8975,2
9161,2
9416,6
9448,6
9611,2
9836,2
10245,14
10993,2
11285,8
11414,0
11545,2
11604,2
12277,2
13213,2
13273,2
13276,2
13861,2
13867,2
14038,1
14700,8
15143,2
15324,2
15362,2
15452,2
15522,2
15674,24
15697,2
15860,2
16136,2
16334,2
16467,2
16947,8
17403,2
18520,8
18590,8
19351,2
19355,2
19669,2
19826,2
19852,8
19904,2
20263,2
3925,2
6248,14
10445,1
11672,1
11851,1
11996,17
14534,1
15027,1
17326,1
18886,1
4264,8
20327,8
13774,7
15208,7
16780,7
19228,7
5795,7
7418,7
6214,14
6927,7
6957,7
7038,7
7125,7
7438,7
10420,7
10436,7
11519,7
11677,7
11888,7
12146,7
13440,7
13999,7
14122,7
14249,7
14250,7
15107,7
15236,7
16960,7
18449,7
19259,7
19688,7
19741,7
20032,7
1292,7
7408,7
2549,7
3484,7
3548,7
3596,7
3810,7
4493,7
6342,7
6495,7
7063,7
10897,7
11338,7
16594,7
16736,7
19990,7
7860,11
10786,11
10965,11
11700,11
12004,11
10326,0
11834,0
11922,0
14049,0
14490,8
14539,0
14643,0
15238,13
16423,0
16992,14
18626,0
19839,0
14259,7
7361,11
13441,11
14102,11
15044,11
18604,11
18646,11
18986,11
19423,11
19671,11
19672,11
2161,11
6472,17
10348,2
13981,2
6571,33
11106,33
6164,33
10305,16
13555,16
17172,16
18441,1
9633,6
9821,11
3550,11
15388,2
12684,2
9037,9
12551,9
13016,9
16141,9
8237,2
8812,2
12520,2
12712,2
15667,4
15731,29
16247,8
8874,24
13044,24
16059,24
16101,24
16217,24
16363,24
8704,18
12358,18
12406,18
15842,18
5498,18
6886,18
8263,29
15858,18
12485,2
12822,2
20750,2
13036,26
6803,12
8264,12
12426,12
12904,12
16142,12
6658,12
15403,2
12775,2
8845,2
9177,2
9214,2
12307,2
12623,2
15675,2
16111,2
16376,2
20559,2
20634,2
8334,29
8641,29
8846,29
15984,29
8405,2
12836,2
8197,32
8605,32
8724,32
12578,32
12993,32
8384,15
8969,15
9135,15
12407,2
12437,15
12936,15
12964,15
16188,2
20621,15
8761,2
15364,9
15433,9
15712,9
15735,18
5505,9
12727,24
5432,2
16100,2
12589,23
13162,23
15629,23
3340,23
8229,23
6722,23
12375,2
13170,2
8574,29
16118,29
8396,18
13153,18
15473,18
16096,18
3260,18
6800,29
15500,29
15974,29
3217,29
9018,2
12916,2
15622,2
15748,2
15837,2
5579,2
12386,2
766,2
15488,2
16153,2
13117,2
15558,2
15771,2
8662,29
3277,29
8830,18
8982,18
9172,18
5379,18
6822,18
15588,18
5422,18
15797,18
16025,18
8436,23
12945,2
16147,2
1220,4
8200,28
15604,28
6884,18
8340,18
8343,18
8601,18
12963,18
16066,18
20709,18
5380,18
12473,2
12661,2
13220,2
12548,18
12788,18
12416,29
15721,32
12335,29
6864,12
8223,12
5628,12
9051,18
13033,18
15906,2
8353,18
12545,18
13188,18
8905,29
5461,29
12691,18
12959,18
15530,18
15586,18
15493,2
8836,2
5623,2
7290,14
10550,14
11912,14
14104,14
18,14
1970,14
3354,14
7079,10
11109,10
11580,10
12173,10
15105,10
20141,10
3452,10
10736,14
11283,14
14276,14
14727,14
16435,14
18812,14
19256,14
19972,14
11696,0
19677,0
205,0
14117,7
15311,7
16629,7
19196,7
18884,17
7017,1
20231,1
7163,1
7223,1
7297,8
7370,1
7760,1
7856,1
7903,1
7914,1
8030,1
8119,1
8135,1
9512,18
10319,1
10656,16
10695,25
10788,1
10873,1
10947,17
10963,1
10967,1
11004,1
11060,1
11090,1
11121,1
11159,1
11273,1
11387,1
11567,1
11632,1
11683,1
11684,1
11698,1
11724,1
11757,1
11894,8
11980,1
12039,1
12068,1
12082,18
12099,1
12120,1
12152,1
12163,25
12192,1
12214,8
13323,8
13336,1
13375,1
13401,1
13477,25
13540,1
13560,1
13572,1
13641,1
13688,1
13702,1
13707,1
13738,14
13852,1
13928,1
14008,1
14058,1
14065,1
14149,1
14264,1
14275,1
14378,7
14397,1
14398,1
14426,1
14450,8
14465,25
14487,8
14549,1
14556,1
14568,1
14596,1
14599,1
14720,1
14763,1
14803,8
14814,1
14866,8
14875,1
14880,1
14893,1
14929,1
14943,14
14947,1
15048,1
15139,8
15157,1
15177,1
15179,1
15200,1
15259,1
15269,4
15291,1
15305,1
15321,1
16425,25
16504,17
16527,1
16581,8
16584,1
16627,8
16651,1
16673,1
16708,1
16711,1
16757,1
16861,1
16988,1
17011,1
17064,20
17082,1
17131,1
17152,1
17181,1
17226,1
17227,1
17228,1
17229,1
17230,1
17231,1
17233,1
17295,1
17348,1
17349,1
18440,4
18553,1
18749,1
18758,1
18787,1
18802,1
18839,1
18848,1
18930,1
18979,1
19000,1
19004,1
19019,13
19027,13
19053,1
19108,1
19155,1
19168,1
19239,1
19372,1
19415,8
19428,1
19449,1
19541,14
19568,1
19577,1
19637,1
19639,25
19663,1
19699,1
19715,1
19735,1
19843,1
20057,1
20091,1
20154,1
20196,4
20229,1
20253,1
20283,1
20308,1
20314,1
20351,1
20354,1
87,16
196,1
700,1
1659,6
9916,6
1766,1
2386,1
2631,1
2710,1
2771,1
3448,1
3455,1
3762,1
4266,1
4267,1
4268,1
4411,1
4467,1
5074,1
5075,1
5682,1
5694,1
5728,1
5730,1
5771,1
6253,8
6308,1
6365,1
6470,1
6501,1
6584,1
7015,1
10448,19
10890,19
2929,19
17466,6
10357,0
11975,0
13546,0
13783,0
16643,0
19464,0
225,0
1201,0
1312,0
3553,0
19731,7
13365,11
684,11
10774,20
13800,20
14017,20
16690,20
16967,20
19527,20
19730,20
2561,11
83,3
149,3
175,3
252,3
257,3
298,3
374,3
523,3
592,3
1242,3
1260,3
1453,3
1456,3
1655,3
3381,3
5856,3
5957,3
9142,2
15476,9
16239,2
16379,2
11682,1
19696,1
16826,1
17338,1
8156,1
14100,13
6304,13
13705,11
13849,14
19280,14
19509,14
10322,1
7417,7
7803,7
10617,7
10697,7
10983,7
11356,7
11786,7
11815,7
12150,7
13318,7
13514,7
20418,7
3449,7
4967,7
10535,16
11871,1
10977,17
6078,19
11235,1
6289,0
11126,33
4470,11
7450,0
1747,0
4941,1
17468,6
17552,6
7719,6
7991,6
9340,6
9398,6
9429,6
9553,6
9745,6
9873,6
9905,6
9911,6
10137,6
10230,6
10236,6
17448,6
17462,6
17465,6
17486,6
17549,6
17618,6
17668,6
4613,6
4803,6
7475,6
7476,6
7569,6
7570,6
7571,6
7572,6
7573,6
7574,6
7580,6
7648,6
9219,6
9250,6
9252,6
9258,6
9278,6
9279,6
9280,6
9342,6
9408,6
9447,6
9480,6
9518,6
9564,6
9650,6
9661,6
9723,6
9932,6
9933,6
9985,6
10079,6
10105,6
17438,6
17461,6
17467,6
17477,6
17566,6
17647,6
4634,6
4738,6
4804,6
4860,6
9728,6
9820,6
4802,6
9664,6
9358,4
9608,4
9617,4
2525,4
9363,4
9520,6
7584,6
9266,6
9387,6
9507,6
9721,6
9317,22
9698,22
10170,22
9475,6
9294,6
9549,6
9663,6
9838,6
9885,6
9231,6
7581,6
7542,6
9544,6
9886,6
17559,6
9244,11
9521,22
9711,22
17452,6
7533,6
7656,6
9676,6
10150,6
17480,6
9350,4
4695,4
9612,4
7511,4
17422,6
9657,6
7489,6
7704,6
10938,7
13914,7
13990,8
15183,8
14020,25
20225,25
20262,25
1351,25
2048,0
2055,0
13504,0
11503,7
12264,7
15064,7
16814,7
19889,7
13965,25
16965,2
5671,4
16578,4
5679,1
6602,8
7725,1
11562,11
17399,8
20312,11
6306,11
13316,11
19519,11
10299,11
10620,11
11053,11
11581,11
15246,14
19429,11
19582,11
20244,11
5722,11
10502,7
13424,7
16522,7
16849,7
19077,7
20015,7
19180,7
15205,8
16890,8
17176,8
4276,8
5042,8
6216,8
6948,8
10480,4
19508,8
14536,2
18951,16
12235,13
10483,4
11694,11
14285,11
17205,11
17287,11
19192,11
11477,16
3386,16
17087,1
5718,13
20035,0
14522,14
20345,14
2027,14
17355,16
10479,7
10560,7
11136,7
13679,7
16762,7
17249,7
18846,7
19038,7
19373,7
1831,7
3905,7
6458,7
10586,7
7080,7
7120,7
7399,7
7864,7
8024,7
10881,7
11242,7
11497,7
13357,7
14087,7
14282,7
16538,5
18920,5
18870,4
9053,15
9164,15
12657,15
12907,15
8203,28
5585,28
8944,28
8357,2
12561,2
15431,2
15575,2
16191,2
2119,2
3242,9
8217,9
12433,2
12640,2
12878,2
8496,29
8460,24
5630,24
12943,29
8323,21
8364,21
8508,21
8890,21
8907,21
12423,21
12831,21
12912,21
13061,21
13123,21
13141,21
13274,21
15384,21
15396,21
15521,21
15523,21
16283,21
20486,21
20552,21
20619,21
20687,21
6714,21
6778,21
12934,21
12973,21
16340,21
13142,2
13027,18
15895,18
8745,18
8860,18
8632,11
9045,2
8394,2
8896,2
8922,2
8967,2
12521,2
12670,24
12709,18
12929,2
12946,2
13052,2
13066,2
13143,2
13216,2
15371,2
15552,2
15857,2
15956,2
15971,18
16065,2
16207,2
16371,2
17491,2
6758,2
15624,2
16182,21
16270,21
16288,21
8804,2
6888,28
8320,28
16105,2
8963,18
15544,18
8212,28
13288,28
8313,18
12842,18
13150,18
16170,18
3252,18
13228,18
20564,18
8345,29
8371,29
8395,29
8557,29
8568,29
8691,29
8711,29
8732,29
8744,29
8749,29
8790,29
8797,29
8828,29
8936,29
12327,29
12332,29
12380,29
12396,29
12452,29
12543,29
12668,29
12683,29
12685,29
12690,29
12705,29
12768,29
12791,29
13056,29
13095,29
13174,29
13295,29
15468,29
15640,29
15756,29
15759,29
15761,29
16230,29
20597,29
20663,29
3226,29
3235,29
5480,29
5553,29
5563,29
5573,29
16300,29
6662,29
6828,29
16179,29
6863,29
6903,29
8249,29
9205,18
12933,18
20576,29
5434,29
12492,2
8218,2
8310,2
8311,2
8955,29
16012,29
16143,29
6673,29
12884,2
13235,2
13256,2
16330,2
12843,2
13155,29
15896,15
15753,15
11767,18
12714,29
12360,15
9125,18
8821,2
5398,2
8281,2
12449,2
12536,2
12870,2
13005,2
15444,2
20489,2
8250,2
13161,29
12735,18
15843,18
15859,15
15938,15
16055,15
15566,23
5389,23
8990,23
8428,18
12873,18
12908,18
15819,18
15921,18
16069,18
2600,18
8378,18
8390,18
8431,18
20574,2
2865,2
12991,2
13024,2
13292,2
16099,2
16314,2
8307,2
20533,29
15824,2
2049,2
8358,23
8462,23
15884,23
8595,29
12679,29
12739,29
12958,29
15487,29
16173,29
20702,29
12374,15
12931,15
16151,15
16277,15
16150,2
12399,15
13233,15
15717,2
16000,18
8865,21
8970,21
9112,21
12324,21
5550,21
8256,21
8326,21
15744,21
16022,18
8863,29
8751,18
9070,18
13121,18
20516,18
6700,18
6876,18
15490,29
8517,18
1967,18
16180,2
8894,28
12802,28
15445,28
8347,28
5412,2
8205,2
13148,2
2122,29
8533,29
8715,28
8849,28
12408,28
12494,28
12537,28
12660,28
12975,28
13073,28
15427,28
15526,28
15686,28
15707,28
15805,28
16116,28
16240,28
20623,28
16174,2
12609,2
6807,18
13249,18
8988,29
20587,2
12546,2
12676,2
6783,2
8298,2
8652,2
8824,11
12305,11
12353,11
12926,11
15457,11
15525,11
6773,11
6702,18
8690,18
15377,18
12499,29
12846,29
15508,29
16054,29
8594,29
6883,2
9038,11
12794,18
8930,18
12310,18
12672,18
12699,18
12723,18
12804,18
12841,18
13021,18
13059,18
13067,18
13181,18
16031,18
16121,18
16157,18
20616,18
16323,2
17315,2
8717,18
8808,18
8877,18
12591,18
12716,18
12962,18
13236,18
16127,18
20739,18
8688,18
16062,32
16279,32
6906,32
15582,29
15973,9
15560,2
8953,18
12442,18
9199,29
12304,29
5387,29
12569,2
12970,2
16040,2
16091,2
16289,2
9012,32
12539,32
12562,32
15440,32
2847,32
6769,32
8314,32
8486,32
9171,15
8208,15
15778,29
8392,29
8507,29
8386,18
13138,18
6895,2
16359,2
12986,18
12998,18
13023,18
16002,18
20714,18
20724,18
3326,18
9127,18
9154,18
9184,18
12746,18
12814,18
12829,18
12881,18
8530,18
15787,21
5467,29
13158,2
3132,11
15542,2
12798,2
12564,18
12856,18
13147,18
6802,18
8672,18
12867,18
15367,18
15534,18
16193,18
8876,18
12950,18
15406,18
20649,18
8456,18
8831,18
8956,2
12356,2
12700,2
15937,2
15963,2
16203,2
16373,2
8239,2
15902,21
9030,2
12518,2
12666,2
15478,2
15518,2
15578,2
15874,2
15922,2
16113,2
2602,0
4589,2
8648,15
16030,18
1547,29
9182,15
8931,29
8474,29
9087,29
8814,18
13222,2
8413,2
12500,29
9155,11
10239,11
15802,11
17557,11
15459,21
15876,9
2162,9
6691,9
12413,15
15851,21
9034,9
20568,23
8294,23
8321,23
9095,18
9102,18
12296,18
12777,18
12891,18
12987,18
13028,18
15792,18
15924,18
2592,18
8466,18
13263,18
8505,18
20728,18
8685,18
8707,18
20504,2
6694,29
20522,9
12300,2
12504,2
12732,15
12745,2
12749,2
12808,2
12830,2
12860,2
12947,2
13101,2
13135,2
15366,2
15375,2
15381,2
15408,2
15409,2
15925,2
15939,2
15945,2
16018,2
16189,2
16218,2
16224,2
20500,2
20629,2
20676,2
5559,2
8254,2
8356,2
8893,2
12330,2
12659,2
16331,2
9136,15
13010,15
12336,18
20685,18
12655,15
15897,18
12707,2
8932,2
15394,2
9103,21
12753,28
13278,28
15466,28
16271,28
6768,28
15767,9
15946,9
12711,18
12729,18
12840,18
12858,18
12978,18
13102,18
15656,18
15755,18
8488,18
8710,18
8721,18
8869,18
8534,18
9215,15
12349,15
12502,15
15657,15
15669,15
15943,15
15983,15
16037,15
16068,15
16107,15
16126,15
16312,15
16365,15
93,15
1841,15
12982,18
16328,18
8880,18
15891,15
12848,18
20505,2
12639,2
16242,2
5626,11
10033,6
10228,6
17674,6
9260,6
7477,6
17502,0
10103,6
1704,22
9458,22
10179,22
10186,22
17572,22
4669,22
17639,11
9301,6
7628,6
9707,22
10053,22
10062,22
9568,22
9573,22
9632,22
9641,22
9690,22
9701,22
9758,22
9769,22
9853,22
9861,22
9972,22
10048,22
10050,22
10155,22
10156,22
3409,6
9324,6
9559,6
10127,6
17705,6
17507,4
10153,6
9406,0
9539,6
7649,6
9450,6
9578,22
9975,22
10035,22
17573,22
17571,22
17636,6
17749,6
9386,6
17498,6
9785,6
10126,6
10128,6
7482,6
7535,6
7538,6
9310,6
10166,22
9793,6
4810,6
4849,6
10139,6
9654,6
7532,6
9446,6
10238,6
7659,6
9259,6
10075,6
9978,22
10046,22
10063,22
10073,22
17574,22
7624,22
4770,6
17427,6
17737,6
4650,6
10023,6
17642,6
9963,22
9487,22
9683,22
9988,6
9912,6
7721,6
9915,8
9831,8
10135,8
17408,8
17420,8
17432,6
17620,6
17621,6
17622,6
9812,6
9813,6
9816,6
9651,6
10202,4
10232,4
17644,6
65502,6
7635,6
7703,6
9542,6
9795,6
9822,6
10083,6
10218,11
10132,6
17666,8
19670,1
12154,13
14812,13
15329,13
11419,7
11827,14
3935,14
4193,14
14827,14
55,19
14709,4
10631,10
12005,10
12148,10
13429,10
12143,28
13032,18
13224,6
13856,6
14202,6
15772,18
16329,18
16592,6
17400,11
17671,6
18895,6
19114,6
5593,6
7699,6
9558,6
10269,6
10755,0
11745,0
13796,0
29,0
13682,7
6133,7
14678,1
19800,4
15031,11
7925,1
11197,0
14890,1
19366,1
7688,0
659,20
19584,14
12262,1
16935,1
13737,17
11058,7
19051,8
19611,7
11751,7
19723,7
11318,0
16692,0
19324,0
186,0
11153,8
11362,8
11442,8
12265,8
13482,8
13566,8
13619,8
13821,8
14074,8
14584,8
14732,8
14978,8
17062,8
17063,8
17114,8
17361,8
18438,8
18525,8
18534,8
19083,8
19205,8
19245,8
19787,8
19812,8
20149,8
7246,8
7736,8
13811,8
14061,8
14189,8
14475,8
14548,8
14846,8
16427,8
16815,8
17394,8
18494,8
18499,1
18716,8
19039,8
19272,8
11568,8
11628,8
11769,8
13451,8
14094,8
14921,8
15074,8
15132,8
16671,14
16774,8
18798,8
19218,8
19224,8
6592,8
7356,8
11444,8
12209,8
17342,8
18526,8
19243,8
19649,8
5079,8
16580,1
11838,1
11526,8
12046,18
15836,18
16361,18
18466,18
6663,18
12549,18
16026,18
16346,18
11119,11
100,11
12949,18
13294,18
15491,18
16010,29
6746,18
8465,18
9005,18
16120,18
9015,18
9016,18
14035,0
20102,13
19278,7
7325,7
10847,7
11222,8
20042,4
13398,1
11597,1
11468,11
19161,2
9227,8
19626,1
13809,14
14183,14
10508,14
8900,18
18505,1
6443,1
12105,17
3704,17
10628,17
12135,7
12140,7
13761,7
14457,7
14650,7
18547,7
18881,7
19361,7
10417,7
4,0
47,0
52,0
131,0
299,0
1852,0
6106,0
7377,0
25,0
5653,0
6192,0
11293,0
7745,17
10835,17
12145,0
14048,0
16430,0
16461,0
16519,0
16905,0
17118,0
2902,0
7082,0
7939,0
10349,0
10546,0
5754,5
6534,5
9418,5
10613,5
2,17
3446,14
17401,7
16776,8
4923,31
17210,31
5415,18
13234,18
15595,18
10757,7
13400,0
2146,11
13795,14
14081,14
16639,14
16737,14
18462,14
18704,14
19993,14
14396,1
14297,8
16583,8
16791,8
18991,1
16284,6
5642,6
12455,6
17440,6
17501,6
17721,6
4622,6
4855,6
4863,6
9789,6
9875,6
9934,6
10076,6
10114,6
10488,1
14603,11
14366,11
15287,11
5532,18
19774,17
15127,8
15356,8
19183,8
20260,8
19853,1
14412,1
12139,4
19630,14
20448,1
19375,8
19690,1
19596,8
20181,8
17140,8
20010,8
11336,8
19343,1
9020,15
16190,29
8226,29
12594,23
15467,23
8536,23
12503,2
13132,2
9063,2
9174,15
16276,2
6767,29
20686,15
16168,2
12837,18
16070,18
16165,18
20726,18
8380,2
13178,2
12535,2
16318,2
8410,28
12845,2
12882,2
13137,2
13159,2
13195,2
15450,2
15603,2
15608,2
16137,2
6865,2
6901,2
8216,2
15909,15
8946,2
12992,21
15930,21
15363,15
15399,28
15808,28
15811,28
16087,28
20511,28
20527,28
12809,18
16335,29
8813,18
12421,18
15732,2
6772,2
12454,18
10102,2
9081,15
16382,32
15684,32
9091,32
12526,32
12977,2
13139,2
16093,2
15597,2
12817,15
16046,24
6804,24
15546,15
5429,29
8440,29
13190,18
15993,21
15432,2
12839,9
13081,9
16351,9
9076,9
12764,29
8449,29
16016,9
12311,2
12734,2
8306,2
12726,2
16159,28
16370,28
12294,18
12872,18
15386,18
8855,9
16200,2
20515,18
13191,2
15839,2
15928,2
5600,2
16201,2
20508,2
20656,21
6845,18
7315,2
15705,15
1850,11
20719,28
15658,29
20544,29
20651,29
5537,29
12879,29
16102,2
15929,18
15815,29
15621,29
3287,29
13187,15
15723,18
15738,18
15868,18
16154,18
16156,18
15942,2
16074,2
20557,2
12689,2
9056,29
20518,29
15908,2
15901,18
16181,18
20539,18
12742,18
16216,2
20660,18
8349,18
13270,15
20242,16
14538,8
14886,7
16397,7
16735,7
8031,7
21522,1
3796,8
18869,11
18818,0
19564,0
16975,7
19315,7
10992,7
11571,7
13474,7
15426,2
15704,2
16265,2
4783,2
10160,2
6056,1
13470,1
14047,1
11752,7
13901,11
14488,8
15349,8
16546,8
16725,8
11765,14
19007,14
20291,8
11803,8
14845,7
18576,7
19132,7
13935,7
15274,7
19037,7
5745,7
11063,7
14813,1
17266,1
14147,25
3465,25
16600,14
6633,8
17659,6
11085,11
20031,13
20128,13
5725,13
14348,0
14464,0
11078,0
10388,11
11614,1
19405,11
15220,8
19740,8
19162,16
4599,16
18836,7
14759,8
14187,8
20285,4
2927,13
18567,14
10701,10
20394,17
17556,2
14885,14
13916,1
17370,1
19983,1
19393,1
5109,10
14053,1
18693,31
19513,31
19668,17
4943,17
18579,7
18957,1
11459,17
20319,8
11693,8
19945,11
17260,30
16712,7
7158,8
7869,8
21518,13
14437,13
8145,8
20227,1
18909,11
19164,11
19620,11
19797,11
837,11
2169,11
6280,11
6537,11
6996,11
7036,11
10264,11
13616,11
17380,1
16990,7
20523,23
5554,23
15877,11
20582,2
15911,32
5479,32
12436,2
15935,2
13082,29
6732,2
19190,11
20521,18
13230,29
15821,18
12622,29
16734,8
18742,8
19692,8
13721,8
13724,8
15497,18
15492,2
5592,18
15626,18
1719,24
11584,29
16020,29
16303,2
16250,2
16307,2
7441,14
11102,14
9148,21
8054,7
18954,8
6982,8
19457,2
21534,8
20207,7
5773,14
18515,0
18791,0
589,0
15063,1
15000,17
9920,8
9267,6
9460,6
9928,6
10203,6
9810,6
17430,6
17443,6
20002,7
17255,7
11994,1
14719,13
16623,8
11783,8
12012,8
20133,13
19830,1
19849,1
20222,1
19479,1
60002,7
13381,7
20271,1
19815,4
11969,11
14479,11
4559,10
16607,11
13080,29
